sector,company,original_url,mode,recommended_start_url,scrape_do_note
Banks,"JPMorgan Chase & Co.",https://careers.jpmorgan.com/us/en/home,phenom_try,https://careers.jpmorgan.com/us/en/search-results,TRY /us/en/search-results
Banks,"Bank of America",https://careers.bankofamerica.com/,bankofamerica,https://careers.bankofamerica.com/en-us/job-search,FREE list+enrich
Banks,"Wells Fargo & Company",https://www.wellsfargojobs.com/,phenom_try,https://www.wellsfargojobs.com/us/en/search-results,TRY /us/en/search-results
Banks,"Citigroup Inc.",https://jobs.citi.com/,phenom_try,https://jobs.citi.com/us/en/search-results,TRY /us/en/search-results
Banks,"Morgan Stanley",https://www.morganstanley.com/people-opportunities,browser_list,https://www.morganstanley.com/people-opportunities,browser list; careerhtml enrich when detail host known
Banks,"Goldman Sachs Group Inc.",https://www.goldmansachs.com/careers/index.html,browser_list,https://www.goldmansachs.com/careers/index.html,browser list; careerhtml enrich when detail host known
Banks,"U.S. Bancorp",https://www.usbank.com/careers/index.html,browser_list,https://www.usbank.com/careers/index.html,browser list; careerhtml enrich when detail host known
Banks,"PNC Financial Services Group  Inc.",https://jobs.pnc.com/,phenom_try,https://jobs.pnc.com/us/en/search-results,TRY /us/en/search-results
Banks,"Truist Financial Corporation",https://careers.truist.com/,phenom_try,https://careers.truist.com/us/en/search-results,TRY /us/en/search-results
Banks,"TD Bank  N.A.",https://jobs.td.com/,workday,https://td.wd3.myworkdayjobs.com/en-US/TD_Bank_Careers,FREE enrich; list may browser
Banks,"Charles Schwab Corporation",https://jobs.schwabjobs.com/,browser_list,https://jobs.schwabjobs.com/,browser list; careerhtml enrich when detail host known
Banks,"Capital One Financial Corporation",https://www.capitalonecareers.com/,phenom_try,https://www.capitalonecareers.com/us/en/search-results,TRY /us/en/search-results
Banks,"The Bank of New York Mellon Corporation",https://jobs.bnymellon.com/,phenom_try,https://jobs.bnymellon.com/us/en/search-results,TRY /us/en/search-results
Banks,"BMO Harris Bank N.A.",https://jobs.bmoharris.com/,browser_list,https://jobs.bmoharris.com/,browser list; careerhtml enrich when detail host known
Banks,"State Street Corporation",https://careers.statestreet.com/,phenom_try,https://careers.statestreet.com/us/en/search-results,TRY /us/en/search-results
Banks,"Regions Financial Corporation",https://www.regions.com/about-regions/careers,browser_list,https://www.regions.com/about-regions/careers,browser list; careerhtml enrich when detail host known
Banks,"M&T Bank Corporation",https://www3.mtb.com/careers,browser_list,https://www3.mtb.com/careers,browser list; careerhtml enrich when detail host known
Banks,"SunTrust Banks  Inc.",https://jobs.truist.com/,phenom_try,https://jobs.truist.com/us/en/search-results,TRY /us/en/search-results
Banks,"Fifth Third Bancorp",https://www.53.com/content/fifth-third/en/careers.html,browser_list,https://www.53.com/content/fifth-third/en/careers.html,browser list; careerhtml enrich when detail host known
Banks,"KeyCorp",https://careers.key.com/,phenom_try,https://careers.key.com/us/en/search-results,TRY /us/en/search-results
Banks,"Huntington Bancshares Incorporated",https://www.huntington.com/careers,browser_list,https://www.huntington.com/careers,browser list; careerhtml enrich when detail host known
Banks,"Zions Bancorporation",https://careers.zionsbank.com/,browser_list,https://careers.zionsbank.com/,browser list; careerhtml enrich when detail host known
Banks,"Cadence Bank",https://www.cadencebankcareers.com/,browser_list,https://www.cadencebankcareers.com/,browser list; careerhtml enrich when detail host known
Banks,"Bank OZK",https://ozk.com/about/careers,browser_list,https://ozk.com/about/careers,browser list; careerhtml enrich when detail host known
Banks,"BB&T Corporation",https://bbt.wd1.myworkdayjobs.com/en-US/careers,workday,https://bbt.wd1.myworkdayjobs.com/en-US/careers,FREE enrich; list may browser
Banks,"Independent Bank Group  Inc.",https://www.independent-bank.com/about-us/careers,browser_list,https://www.independent-bank.com/about-us/careers,browser list; careerhtml enrich when detail host known
Banks,"First Horizon Corporation",https://www.firsthorizon.com/careers,browser_list,https://www.firsthorizon.com/careers,browser list; careerhtml enrich when detail host known
Banks,"Comerica Incorporated",https://careers.comerica.com/,phenom_try,https://careers.comerica.com/us/en/search-results,TRY /us/en/search-results
Banks,"Synovus Financial Corp",https://careers.synovus.com/,browser_list,https://careers.synovus.com/,browser list; careerhtml enrich when detail host known
Banks,"Umpqua Holdings Corporation",https://umpquabankcareers.com/,browser_list,https://umpquabankcareers.com/,browser list; careerhtml enrich when detail host known
Banks,"First Citizens BancShares  Inc.",https://www.firstcitizens.com/about/careers,browser_list,https://www.firstcitizens.com/about/careers,browser list; careerhtml enrich when detail host known
Banks,"Santander Consumer USA Holdings Inc.",https://www.santanderconsumerusa.com/about/careers,browser_list,https://www.santanderconsumerusa.com/about/careers,browser list; careerhtml enrich when detail host known
Banks,"Citizens Financial Group  Inc.",https://jobs.citizensbank.com/,phenom_try,https://jobs.citizensbank.com/us/en/search-results,TRY /us/en/search-results
Banks,"Webster Financial Corporation",https://www.websterbank.com/careers,browser_list,https://www.websterbank.com/careers,browser list; careerhtml enrich when detail host known
Banks,"First Republic Bank",https://www.firstrepublic.com/careers,browser_list,https://www.firstrepublic.com/careers,browser list; careerhtml enrich when detail host known
Banks,"Frost Bank Corporation",https://careers.frostbank.com/,browser_list,https://careers.frostbank.com/,browser list; careerhtml enrich when detail host known
Banks,"First Republic Bank",https://www.firstrepublic.com/careers,browser_list,https://www.firstrepublic.com/careers,browser list; careerhtml enrich when detail host known
Insurance,"State Farm",https://www.statefarm.com/careers,browser_list,https://www.statefarm.com/careers,browser list; careerhtml enrich when detail host known
Insurance,"Berkshire Hathaway",https://www.berkshirehathaway.com/careers.html,browser_list,https://www.berkshirehathaway.com/careers.html,browser list; careerhtml enrich when detail host known
Insurance,"Progressive Corporation",https://progressive.taleo.net/careersection/2/jobsearch.ftl,taleo_enrich,https://progressive.taleo.net/careersection/2/jobsearch.ftl,FREE enrich HTML
Insurance,"Allstate Corporation",https://careers.allstate.com/,browser_list,https://careers.allstate.com/,browser list; careerhtml enrich when detail host known
Insurance,"Liberty Mutual Insurance Group",https://jobs.libertymutualgroup.com/,phenom_try,https://jobs.libertymutualgroup.com/us/en/search-results,TRY /us/en/search-results
Insurance,"USAA",https://www.usaajobs.com/,phenom_try,https://www.usaajobs.com/us/en/search-results,TRY /us/en/search-results
Insurance,"Travelers Companies Inc.",https://careers.travelers.com/,phenom_try,https://careers.travelers.com/us/en/search-results,TRY /us/en/search-results
Insurance,"Farmers Insurance Group",https://jobs.farmersinsurance.com/,phenom_try,https://jobs.farmersinsurance.com/us/en/search-results,TRY /us/en/search-results
Insurance,"Nationwide Mutual Insurance Company",https://careers.nationwide.com/,workday,https://nationwide.wd1.myworkdayjobs.com/Nationwide_Career,FREE enrich; list may browser
Insurance,"American Family Insurance Group",https://careers.amfam.com/,phenom_try,https://careers.amfam.com/us/en/search-results,TRY /us/en/search-results
Insurance,"Chubb Limited",https://careers.chubb.com/,phenom_try,https://careers.chubb.com/us/en/search-results,TRY /us/en/search-results
Insurance,"AIG (American International Group)",https://www.aig.com/careers,browser_list,https://www.aig.com/careers,browser list; careerhtml enrich when detail host known
Insurance,"MetLife  Inc.",https://jobs.metlife.com/,phenom_try,https://jobs.metlife.com/us/en/search-results,TRY /us/en/search-results
Insurance,"Hartford Financial Services Group",https://www.thehartford.com/careers,browser_list,https://www.thehartford.com/careers,browser list; careerhtml enrich when detail host known
Insurance,"Cigna Corporation",https://jobs.cigna.com/,phenom_try,https://jobs.cigna.com/us/en/search-results,TRY /us/en/search-results
Insurance,"Aflac Incorporated",https://www.aflac.com/careers/default.aspx,browser_list,https://www.aflac.com/careers/default.aspx,browser list; careerhtml enrich when detail host known
Insurance,"Anthem  Inc.",https://antheminc.taleo.net/careersection/10021/jobsearch.ftl,taleo_enrich,https://antheminc.taleo.net/careersection/10021/jobsearch.ftl,FREE enrich HTML
Insurance,"New York Life Insurance Company",https://jobs.newyorklife.com/,phenom_try,https://jobs.newyorklife.com/us/en/search-results,TRY /us/en/search-results
Insurance,"Pacific Life",https://www.pacificlife.com/about_pacific_life/careers.html,browser_list,https://www.pacificlife.com/about_pacific_life/careers.html,browser list; careerhtml enrich when detail host known
Insurance,"Genworth Financial",https://careers.genworth.com/,browser_list,https://careers.genworth.com/,browser list; careerhtml enrich when detail host known
Insurance,"Assurant  Inc.",https://jobs.assurant.com/,phenom_try,https://jobs.assurant.com/us/en/search-results,TRY /us/en/search-results
Insurance,"The Principal Financial Group",https://www.principal.com/about-us/careers,browser_list,https://www.principal.com/about-us/careers,browser list; careerhtml enrich when detail host known
Insurance,"American National Insurance Company",https://www.americannational.com/wps/portal/amnat/careers,browser_list,https://www.americannational.com/wps/portal/amnat/careers,browser list; careerhtml enrich when detail host known
Insurance,"Selective Insurance Group",https://careers-selective.icims.com/jobs/intro?hashed=-435743791,icims_enrich,https://careers-selective.icims.com/jobs/intro?hashed=-435743791,FREE enrich HTML
Insurance,"Erie Insurance Group",https://www.erieinsurance.com/careers,browser_list,https://www.erieinsurance.com/careers,browser list; careerhtml enrich when detail host known
Insurance,"Unum Group",https://www.unum.com/careers,browser_list,https://www.unum.com/careers,browser list; careerhtml enrich when detail host known
Insurance,"Ameriprise Financial",https://careers.ameriprise.com/,browser_list,https://careers.ameriprise.com/,browser list; careerhtml enrich when detail host known
Insurance,"Auto-Owners Insurance",https://careers.auto-owners.com/,browser_list,https://careers.auto-owners.com/,browser list; careerhtml enrich when detail host known
Insurance,"National General Holdings Corp.",https://jobs.nationalgeneral.com/,browser_list,https://jobs.nationalgeneral.com/,browser list; careerhtml enrich when detail host known
Insurance,"Markel Corporation",https://www.markel.com/careers,browser_list,https://www.markel.com/careers,browser list; careerhtml enrich when detail host known
Insurance,"Allianz Life Insurance Company of North America",https://careers.allianz.com/,browser_list,https://careers.allianz.com/,browser list; careerhtml enrich when detail host known
Insurance,"American Family Life Assurance Company (AFLAC)",https://www.aflac.com/careers/default.aspx,browser_list,https://www.aflac.com/careers/default.aspx,browser list; careerhtml enrich when detail host known
Insurance,"CNO Financial Group",https://careers-cnoinc.icims.com/jobs/intro?hashed=-435623245,icims_enrich,https://careers-cnoinc.icims.com/jobs/intro?hashed=-435623245,FREE enrich HTML
Insurance,"Primerica  Inc.",https://www.primerica.com/public/primerica-careers.html,browser_list,https://www.primerica.com/public/primerica-careers.html,browser list; careerhtml enrich when detail host known
Insurance,"Kemper Corporation",https://www.kemper.com/wps/portal/KemperDirect/Home/Careers,browser_list,https://www.kemper.com/wps/portal/KemperDirect/Home/Careers,browser list; careerhtml enrich when detail host known
Insurance,"The Hanover Insurance Group",https://www.hanover.com/about-us/careers,browser_list,https://www.hanover.com/about-us/careers,browser list; careerhtml enrich when detail host known
Insurance,"Arch Capital Group Ltd.",https://www.archcapgroup.com/careers.html,browser_list,https://www.archcapgroup.com/careers.html,browser list; careerhtml enrich when detail host known
Insurance,"Horace Mann Educators Corporation",https://www.horacemann.com/about/careers,browser_list,https://www.horacemann.com/about/careers,browser list; careerhtml enrich when detail host known
Insurance,"Fidelity & Guaranty Life",https://careers.fglife.com/,browser_list,https://careers.fglife.com/,browser list; careerhtml enrich when detail host known
Insurance,"Athene Holding Ltd.",https://athene.com/careers/,browser_list,https://athene.com/careers/,browser list; careerhtml enrich when detail host known
Insurance,"American Equity Investment Life Holding Company",https://www.american-equity.com/careers,browser_list,https://www.american-equity.com/careers,browser list; careerhtml enrich when detail host known
Insurance,"MGIC Investment Corporation",https://www.mgic.com/careers,browser_list,https://www.mgic.com/careers,browser list; careerhtml enrich when detail host known
Insurance,"American Financial Group",https://www.afginc.com/careers,browser_list,https://www.afginc.com/careers,browser list; careerhtml enrich when detail host known
Insurance,"Global Atlantic Financial Group",https://www.globalatlantic.com/careers.html,browser_list,https://www.globalatlantic.com/careers.html,browser list; careerhtml enrich when detail host known
Insurance,"American Strategic Insurance Corp.",https://www.americanstrategic.com/about-us/careers,browser_list,https://www.americanstrategic.com/about-us/careers,browser list; careerhtml enrich when detail host known
Insurance,"Selective Insurance Group  Inc.",https://careers-selective.icims.com/jobs/intro?hashed=-435743791,icims_enrich,https://careers-selective.icims.com/jobs/intro?hashed=-435743791,FREE enrich HTML
Insurance,"RLI Corp.",https://www.rlicorp.com/careers,browser_list,https://www.rlicorp.com/careers,browser list; careerhtml enrich when detail host known
Insurance,"FBL Financial Group  Inc.",https://www.fbfs.com/careers,browser_list,https://www.fbfs.com/careers,browser list; careerhtml enrich when detail host known
Insurance,"Protective Life Corporation",https://www.protective.com/about-us/careers,browser_list,https://www.protective.com/about-us/careers,browser list; careerhtml enrich when detail host known
Insurance,"Western & Southern Financial Group",https://careers.westernsouthernlife.com/,browser_list,https://careers.westernsouthernlife.com/,browser list; careerhtml enrich when detail host known
investment firms,"BlackRock",https://careers.blackrock.com/,browser_list,https://careers.blackrock.com/,browser list; careerhtml enrich when detail host known
investment firms,"Vanguard Group",https://about.vanguard.com/careers/,browser_list,https://about.vanguard.com/careers/,browser list; careerhtml enrich when detail host known
investment firms,"State Street Corporation",https://careers.statestreet.com/,phenom_try,https://careers.statestreet.com/us/en/search-results,TRY /us/en/search-results
investment firms,"Fidelity Investments",https://jobs.fidelity.com/,browser_list,https://jobs.fidelity.com/,browser list; careerhtml enrich when detail host known
investment firms,"Goldman Sachs Group Inc.",https://www.goldmansachs.com/careers/index.html,browser_list,https://www.goldmansachs.com/careers/index.html,browser list; careerhtml enrich when detail host known
investment firms,"JPMorgan Chase & Co.",https://careers.jpmorgan.com/us/en/home,phenom_try,https://careers.jpmorgan.com/us/en/search-results,TRY /us/en/search-results
investment firms,"Morgan Stanley",https://www.morganstanley.com/people-opportunities,browser_list,https://www.morganstanley.com/people-opportunities,browser list; careerhtml enrich when detail host known
investment firms,"Capital Group",https://jobs.capitalgroup.com/,browser_list,https://jobs.capitalgroup.com/,browser list; careerhtml enrich when detail host known
investment firms,"Bank of America Corporation",https://careers.bankofamerica.com/,bankofamerica,https://careers.bankofamerica.com/en-us/job-search,FREE list+enrich
investment firms,"Charles Schwab Corporation",https://jobs.schwabjobs.com/,browser_list,https://jobs.schwabjobs.com/,browser list; careerhtml enrich when detail host known
investment firms,"T. Rowe Price Group  Inc.",https://www.troweprice.com/corporate/en/careers.html,browser_list,https://www.troweprice.com/corporate/en/careers.html,browser list; careerhtml enrich when detail host known
investment firms,"Northern Trust Corporation",https://careers.northerntrust.com/,browser_list,https://careers.northerntrust.com/,browser list; careerhtml enrich when detail host known
investment firms,"Ameriprise Financial",https://www.ameriprise.com/careers/,browser_list,https://www.ameriprise.com/careers/,browser list; careerhtml enrich when detail host known
investment firms,"UBS Group AG",https://www.ubs.com/global/en/careers.html,browser_list,https://www.ubs.com/global/en/careers.html,browser list; careerhtml enrich when detail host known
investment firms,"Raymond James Financial",https://www.raymondjames.com/careers,browser_list,https://www.raymondjames.com/careers,browser list; careerhtml enrich when detail host known
investment firms,"The Vanguard Group",https://about.vanguard.com/careers/,browser_list,https://about.vanguard.com/careers/,browser list; careerhtml enrich when detail host known
investment firms,"TD Ameritrade",https://www.tdameritrade.com/careers.page,browser_list,https://www.tdameritrade.com/careers.page,browser list; careerhtml enrich when detail host known
investment firms,"Invesco Ltd.",https://careers.invesco.com/,browser_list,https://careers.invesco.com/,browser list; careerhtml enrich when detail host known
investment firms,"Edward Jones",https://careers.edwardjones.com/,browser_list,https://careers.edwardjones.com/,browser list; careerhtml enrich when detail host known
investment firms,"Prudential Financial",https://www.prudential.com/careers,browser_list,https://www.prudential.com/careers,browser list; careerhtml enrich when detail host known
investment firms,"Charles Schwab & Co.  Inc.",https://www.schwabjobs.com/,browser_list,https://www.schwabjobs.com/,browser list; careerhtml enrich when detail host known
investment firms,"AIG",https://www.aig.com/careers,browser_list,https://www.aig.com/careers,browser list; careerhtml enrich when detail host known
investment firms,"Lazard Ltd.",https://www.lazard.com/careers/,browser_list,https://www.lazard.com/careers/,browser list; careerhtml enrich when detail host known
investment firms,"American Express Company",https://careers.americanexpress.com/,browser_list,https://careers.americanexpress.com/,browser list; careerhtml enrich when detail host known
investment firms,"Franklin Templeton Investments",https://www.franklintempletoncareers.com/,browser_list,https://www.franklintempletoncareers.com/,browser list; careerhtml enrich when detail host known
investment firms,"Nomura Holdings",https://www.nomuraholdings.com/careers/index.html,browser_list,https://www.nomuraholdings.com/careers/index.html,browser list; careerhtml enrich when detail host known
investment firms,"Waddell & Reed Financial  Inc.",https://careers.waddell.com/,browser_list,https://careers.waddell.com/,browser list; careerhtml enrich when detail host known
investment firms,"BNY Mellon",https://jobs.bnymellon.com/,phenom_try,https://jobs.bnymellon.com/us/en/search-results,TRY /us/en/search-results
investment firms,"E*TRADE",https://www.etrade.com/careers,browser_list,https://www.etrade.com/careers,browser list; careerhtml enrich when detail host known
investment firms,"PNC Financial Services Group  Inc.",https://jobs.pnc.com/,phenom_try,https://jobs.pnc.com/us/en/search-results,TRY /us/en/search-results
investment firms,"Federated Hermes  Inc.",https://careers.federatedinvestors.com/,browser_list,https://careers.federatedinvestors.com/,browser list; careerhtml enrich when detail host known
investment firms,"MSCI Inc.",https://www.msci.com/careers,browser_list,https://www.msci.com/careers,browser list; careerhtml enrich when detail host known
investment firms,"Voya Financial",https://www.voya.com/careers,browser_list,https://www.voya.com/careers,browser list; careerhtml enrich when detail host known
investment firms,"TIAA",https://careers.tiaa.org/,browser_list,https://careers.tiaa.org/,browser list; careerhtml enrich when detail host known
investment firms,"Virtu Financial",https://www.virtu.com/careers/,browser_list,https://www.virtu.com/careers/,browser list; careerhtml enrich when detail host known
investment firms,"S&P Global Inc.",https://careers.spglobal.com/,browser_list,https://careers.spglobal.com/,browser list; careerhtml enrich when detail host known
investment firms,"CME Group Inc.",https://www.cmegroup.com/company/careers.html,browser_list,https://www.cmegroup.com/company/careers.html,browser list; careerhtml enrich when detail host known
investment firms,"Affiliated Managers Group  Inc.",https://www.amg.com/careers/,browser_list,https://www.amg.com/careers/,browser list; careerhtml enrich when detail host known
investment firms,"American Century Investments",https://careers.americancentury.com/,browser_list,https://careers.americancentury.com/,browser list; careerhtml enrich when detail host known
investment firms,"Ares Management",https://www.aresmgmt.com/careers,browser_list,https://www.aresmgmt.com/careers,browser list; careerhtml enrich when detail host known
investment firms,"Eaton Vance",https://careers.eatonvance.com/,browser_list,https://careers.eatonvance.com/,browser list; careerhtml enrich when detail host known
investment firms,"Franklin Resources  Inc.",https://www.franklinresources.com/careers,browser_list,https://www.franklinresources.com/careers,browser list; careerhtml enrich when detail host known
investment firms,"Moody's Corporation",https://www.moodys.com/careers,browser_list,https://www.moodys.com/careers,browser list; careerhtml enrich when detail host known
investment firms,"M&T Bank Corporation",https://www3.mtb.com/careers,browser_list,https://www3.mtb.com/careers,browser list; careerhtml enrich when detail host known
investment firms,"State Farm Insurance",https://www.statefarm.com/careers,browser_list,https://www.statefarm.com/careers,browser list; careerhtml enrich when detail host known
investment firms,"USAA",https://www.usaajobs.com/,phenom_try,https://www.usaajobs.com/us/en/search-results,TRY /us/en/search-results
investment firms,"Synchrony Financial",https://jobs.synchrony.com/,browser_list,https://jobs.synchrony.com/,browser list; careerhtml enrich when detail host known
investment firms,"Regions Financial Corporation",https://www.regions.com/about-regions/careers,browser_list,https://www.regions.com/about-regions/careers,browser list; careerhtml enrich when detail host known
investment firms,"Comerica Bank",https://careers.comerica.com/,phenom_try,https://careers.comerica.com/us/en/search-results,TRY /us/en/search-results
investment firms,"Zions Bancorporation",https://careers.zionsbank.com/,browser_list,https://careers.zionsbank.com/,browser list; careerhtml enrich when detail host known
FinTech,"Lemonade",https://www.lemonade.com/careers,browser_list,https://www.lemonade.com/careers,browser list; careerhtml enrich when detail host known
FinTech,"Kabbage",https://www.kabbage.com/careers/,browser_list,https://www.kabbage.com/careers/,browser list; careerhtml enrich when detail host known
FinTech,"Affirm",https://www.affirm.com/careers,browser_list,https://www.affirm.com/careers,browser list; careerhtml enrich when detail host known
FinTech,"Hippo Insurance",https://www.hippo.com/careers,browser_list,https://www.hippo.com/careers,browser list; careerhtml enrich when detail host known
FinTech,"Stash",https://www.stash.com/careers,browser_list,https://www.stash.com/careers,browser list; careerhtml enrich when detail host known
FinTech,"Brex",https://www.brex.com/careers/,browser_list,https://www.brex.com/careers/,browser list; careerhtml enrich when detail host known
FinTech,"Ramp",https://ramp.com/careers,browser_list,https://ramp.com/careers,browser list; careerhtml enrich when detail host known
FinTech,"Betterment",https://www.betterment.com/careers/,browser_list,https://www.betterment.com/careers/,browser list; careerhtml enrich when detail host known
FinTech,"Acorns",https://www.acorns.com/careers/,browser_list,https://www.acorns.com/careers/,browser list; careerhtml enrich when detail host known
FinTech,"Klarna",https://www.klarna.com/careers/,browser_list,https://www.klarna.com/careers/,browser list; careerhtml enrich when detail host known
FinTech,"AvidXchange",https://www.avidxchange.com/company/careers/,browser_list,https://www.avidxchange.com/company/careers/,browser list; careerhtml enrich when detail host known
FinTech,"OnDeck",https://www.ondeck.com/careers,browser_list,https://www.ondeck.com/careers,browser list; careerhtml enrich when detail host known
FinTech,"LendingClub",https://www.lendingclub.com/about/careers,browser_list,https://www.lendingclub.com/about/careers,browser list; careerhtml enrich when detail host known
FinTech,"Varo Bank",https://www.varomoney.com/careers/,browser_list,https://www.varomoney.com/careers/,browser list; careerhtml enrich when detail host known
FinTech,"Circle",https://www.circle.com/en/careers,browser_list,https://www.circle.com/en/careers,browser list; careerhtml enrich when detail host known
FinTech,"Payoneer",https://www.payoneer.com/careers/,browser_list,https://www.payoneer.com/careers/,browser list; careerhtml enrich when detail host known
FinTech,"Divvy",https://getdivvy.com/careers,browser_list,https://getdivvy.com/careers,browser list; careerhtml enrich when detail host known
FinTech,"Personal Capital",https://www.personalcapital.com/careers,browser_list,https://www.personalcapital.com/careers,browser list; careerhtml enrich when detail host known
FinTech,"Root Insurance",https://www.joinroot.com/careers/,browser_list,https://www.joinroot.com/careers/,browser list; careerhtml enrich when detail host known
FinTech,"Socure",https://www.socure.com/careers,browser_list,https://www.socure.com/careers,browser list; careerhtml enrich when detail host known
FinTech,"Current",https://current.com/careers,browser_list,https://current.com/careers,browser list; careerhtml enrich when detail host known
FinTech,"Policygenius",https://www.policygenius.com/careers/,browser_list,https://www.policygenius.com/careers/,browser list; careerhtml enrich when detail host known
FinTech,"Ramp",https://ramp.com/careers,browser_list,https://ramp.com/careers,browser list; careerhtml enrich when detail host known
FinTech,"Rapyd",https://www.rapyd.net/careers/,browser_list,https://www.rapyd.net/careers/,browser list; careerhtml enrich when detail host known
FinTech,"Alloy",https://alloy.co/careers/,browser_list,https://alloy.co/careers/,browser list; careerhtml enrich when detail host known
Tech,"Microsoft",https://careers.microsoft.com/,browser_list,https://careers.microsoft.com/,browser list; careerhtml enrich when detail host known
Tech,"Apple Inc.",https://www.apple.com/jobs/us/,browser_list,https://www.apple.com/jobs/us/,browser list; careerhtml enrich when detail host known
Tech,"Google (Alphabet Inc.)",https://careers.google.com/,browser_list,https://careers.google.com/,browser list; careerhtml enrich when detail host known
Tech,"Amazon",https://www.amazon.jobs/en/,browser_list,https://www.amazon.jobs/en/,browser list; careerhtml enrich when detail host known
Tech,"Facebook (Meta Platforms  Inc.)",https://www.facebook.com/careers/,browser_list,https://www.facebook.com/careers/,browser list; careerhtml enrich when detail host known
Tech,"IBM",https://www.ibm.com/employment/,browser_list,https://www.ibm.com/employment/,browser list; careerhtml enrich when detail host known
Tech,"Oracle Corporation",https://www.oracle.com/corporate/careers/,browser_list,https://www.oracle.com/corporate/careers/,browser list; careerhtml enrich when detail host known
Tech,"Cisco Systems  Inc.",https://jobs.cisco.com/,browser_list,https://jobs.cisco.com/,browser list; careerhtml enrich when detail host known
Tech,"Intel Corporation",https://jobs.intel.com/,browser_list,https://jobs.intel.com/,browser list; careerhtml enrich when detail host known
Tech,"Dell Technologies",https://jobs.dell.com/,browser_list,https://jobs.dell.com/,browser list; careerhtml enrich when detail host known
Tech,"Twitter  Inc.",https://careers.twitter.com/,browser_list,https://careers.twitter.com/,browser list; careerhtml enrich when detail host known
Tech,"LinkedIn (Microsoft)",https://careers.linkedin.com/,browser_list,https://careers.linkedin.com/,browser list; careerhtml enrich when detail host known
Tech,"Pinterest  Inc.",https://careers.pinterest.com/,browser_list,https://careers.pinterest.com/,browser list; careerhtml enrich when detail host known
Tech,"Snap Inc.",https://careers.snap.com/,browser_list,https://careers.snap.com/,browser list; careerhtml enrich when detail host known
Tech,"Reddit  Inc.",https://www.redditinc.com/careers,browser_list,https://www.redditinc.com/careers,browser list; careerhtml enrich when detail host known
Tech,"TikTok",https://careers.tiktok.com/,browser_list,https://careers.tiktok.com/,browser list; careerhtml enrich when detail host known
Tech,"Microsoft Bing",https://careers.microsoft.com/,browser_list,https://careers.microsoft.com/,browser list; careerhtml enrich when detail host known
Tech,"Yahoo (Verizon Media)",https://www.verizonmedia.com/careers/,browser_list,https://www.verizonmedia.com/careers/,browser list; careerhtml enrich when detail host known
Tech,"Amazon Web Services (AWS)",https://www.amazon.jobs/en/teams/aws,browser_list,https://www.amazon.jobs/en/teams/aws,browser list; careerhtml enrich when detail host known
Tech,"Microsoft Azure",https://careers.microsoft.com/us/en/cloudandai,browser_list,https://careers.microsoft.com/us/en/cloudandai,browser list; careerhtml enrich when detail host known
Tech,"Google Cloud",https://careers.google.com/teams/cloud/,browser_list,https://careers.google.com/teams/cloud/,browser list; careerhtml enrich when detail host known
Tech,"IBM Cloud",https://www.ibm.com/cloud/jobs,browser_list,https://www.ibm.com/cloud/jobs,browser list; careerhtml enrich when detail host known
Tech,"Oracle Cloud",https://www.oracle.com/cloud/jobs/,browser_list,https://www.oracle.com/cloud/jobs/,browser list; careerhtml enrich when detail host known
Tech,"Alphabet Inc. (Google)",https://careers.google.com/,browser_list,https://careers.google.com/,browser list; careerhtml enrich when detail host known
Tech,"Microsoft Corporation",https://careers.microsoft.com/,browser_list,https://careers.microsoft.com/,browser list; careerhtml enrich when detail host known
Tech,"Amazon.com  Inc.",https://www.amazon.jobs/,browser_list,https://www.amazon.jobs/,browser list; careerhtml enrich when detail host known
Tech,"Facebook  Inc.",https://www.facebook.com/careers/,browser_list,https://www.facebook.com/careers/,browser list; careerhtml enrich when detail host known
Tech,"Tesla  Inc.",https://www.tesla.com/careers,browser_list,https://www.tesla.com/careers,browser list; careerhtml enrich when detail host known
Tech,"NVIDIA Corporation",https://www.nvidia.com/en-us/about-nvidia/careers/,browser_list,https://www.nvidia.com/en-us/about-nvidia/careers/,browser list; careerhtml enrich when detail host known
Tech,"IBM Corporation",https://www.ibm.com/employment/,browser_list,https://www.ibm.com/employment/,browser list; careerhtml enrich when detail host known
Tech,"Qualcomm Incorporated",https://www.qualcomm.com/company/careers,browser_list,https://www.qualcomm.com/company/careers,browser list; careerhtml enrich when detail host known
Tech,"Adobe Inc.",https://www.adobe.com/careers.html,browser_list,https://www.adobe.com/careers.html,browser list; careerhtml enrich when detail host known
Tech,"Broadcom Inc.",https://www.broadcom.com/company/careers,browser_list,https://www.broadcom.com/company/careers,browser list; careerhtml enrich when detail host known
Tech,"Salesforce.com  Inc.",https://www.salesforce.com/company/careers/,browser_list,https://www.salesforce.com/company/careers/,browser list; careerhtml enrich when detail host known
Tech,"Lyft  Inc.",https://www.lyft.com/careers,browser_list,https://www.lyft.com/careers,browser list; careerhtml enrich when detail host known
Tech,"Uber Technologies  Inc.",https://www.uber.com/us/en/careers/,browser_list,https://www.uber.com/us/en/careers/,browser list; careerhtml enrich when detail host known
Tech,"Airbnb  Inc.",https://careers.airbnb.com/,browser_list,https://careers.airbnb.com/,browser list; careerhtml enrich when detail host known
Tech,"PayPal Holdings  Inc.",https://www.paypal.com/us/webapps/mpp/jobs,browser_list,https://www.paypal.com/us/webapps/mpp/jobs,browser list; careerhtml enrich when detail host known
Tech,"Zoom Video Communications  Inc.",https://zoom.us/careers,browser_list,https://zoom.us/careers,browser list; careerhtml enrich when detail host known
Tech,"Square  Inc.",https://careers.squareup.com/us/en,browser_list,https://careers.squareup.com/us/en,browser list; careerhtml enrich when detail host known
Tech,"Netflix  Inc.",https://jobs.netflix.com/,browser_list,https://jobs.netflix.com/,browser list; careerhtml enrich when detail host known
Tech,"Workday  Inc.",https://www.workday.com/en-us/company/careers.html,browser_list,https://www.workday.com/en-us/company/careers.html,browser list; careerhtml enrich when detail host known
Tech,"Pinterest  Inc.",https://careers.pinterest.com/careers,browser_list,https://careers.pinterest.com/careers,browser list; careerhtml enrich when detail host known
Tech,"Spotify Technology S.A.",https://www.spotifyjobs.com/,browser_list,https://www.spotifyjobs.com/,browser list; careerhtml enrich when detail host known
Tech,"Snap Inc.",https://www.snap.com/en-US/jobs/,browser_list,https://www.snap.com/en-US/jobs/,browser list; careerhtml enrich when detail host known
Tech,"Intuit Inc.",https://careers.intuit.com/,browser_list,https://careers.intuit.com/,browser list; careerhtml enrich when detail host known
Tech,"Dell Technologies Inc.",https://jobs.dell.com/,browser_list,https://jobs.dell.com/,browser list; careerhtml enrich when detail host known
Tech,"Hewlett Packard Enterprise Company",https://careers.hpe.com/,browser_list,https://careers.hpe.com/,browser list; careerhtml enrich when detail host known
Tech,"Twilio Inc.",https://www.twilio.com/company/jobs,browser_list,https://www.twilio.com/company/jobs,browser list; careerhtml enrich when detail host known
Tech,"DocuSign  Inc.",https://www.docusign.com/careers,browser_list,https://www.docusign.com/careers,browser list; careerhtml enrich when detail host known
Tech,"Slack Technologies  Inc.",https://slack.com/careers,browser_list,https://slack.com/careers,browser list; careerhtml enrich when detail host known
Tech,"Palantir Technologies Inc.",https://www.palantir.com/careers/,browser_list,https://www.palantir.com/careers/,browser list; careerhtml enrich when detail host known
Tech,"Dropbox  Inc.",https://www.dropbox.com/jobs,browser_list,https://www.dropbox.com/jobs,browser list; careerhtml enrich when detail host known
Tech,"Atlassian Corporation Plc",https://www.atlassian.com/company/careers,browser_list,https://www.atlassian.com/company/careers,browser list; careerhtml enrich when detail host known
Tech,"MongoDB  Inc.",https://www.mongodb.com/careers,browser_list,https://www.mongodb.com/careers,browser list; careerhtml enrich when detail host known
Tech,"GitLab Inc.",https://about.gitlab.com/jobs/,browser_list,https://about.gitlab.com/jobs/,browser list; careerhtml enrich when detail host known
Tech,"RingCentral  Inc.",https://www.ringcentral.com/careers.html,browser_list,https://www.ringcentral.com/careers.html,browser list; careerhtml enrich when detail host known
Tech,"ServiceNow  Inc.",https://www.servicenow.com/careers.html,browser_list,https://www.servicenow.com/careers.html,browser list; careerhtml enrich when detail host known
Tech,"Zscaler  Inc.",https://www.zscaler.com/careers,browser_list,https://www.zscaler.com/careers,browser list; careerhtml enrich when detail host known
Tech,"Okta  Inc.",https://www.okta.com/company/careers/,browser_list,https://www.okta.com/company/careers/,browser list; careerhtml enrich when detail host known
Tech,"Nutanix  Inc.",https://www.nutanix.com/careers,browser_list,https://www.nutanix.com/careers,browser list; careerhtml enrich when detail host known
Tech,"SquareSpace  Inc.",https://www.squarespace.com/about/careers,browser_list,https://www.squarespace.com/about/careers,browser list; careerhtml enrich when detail host known
Tech,"Unity Technologies SF",https://careers.unity.com/,browser_list,https://careers.unity.com/,browser list; careerhtml enrich when detail host known
Tech,"Asana  Inc.",https://asana.com/jobs,browser_list,https://asana.com/jobs,browser list; careerhtml enrich when detail host known
Tech,"GitHub  Inc.",https://github.com/about/careers,browser_list,https://github.com/about/careers,browser list; careerhtml enrich when detail host known
Tech,"Stripe  Inc.",https://stripe.com/jobs,browser_list,https://stripe.com/jobs,browser list; careerhtml enrich when detail host known
Tech,"Box  Inc.",https://www.box.com/careers,browser_list,https://www.box.com/careers,browser list; careerhtml enrich when detail host known
Tech,"Airbnb",https://airbnb.com/careers,browser_list,https://airbnb.com/careers,browser list; careerhtml enrich when detail host known
Tech,"DoorDash",https://www.doordash.com/careers/,browser_list,https://www.doordash.com/careers/,browser list; careerhtml enrich when detail host known
Tech,"Robinhood",https://careers.robinhood.com/,browser_list,https://careers.robinhood.com/,browser list; careerhtml enrich when detail host known
Tech,"Lyft",https://www.lyft.com/careers,browser_list,https://www.lyft.com/careers,browser list; careerhtml enrich when detail host known
Tech,"Stripe",https://stripe.com/jobs,browser_list,https://stripe.com/jobs,browser list; careerhtml enrich when detail host known
Tech,"Uber",https://www.uber.com/us/en/careers/,browser_list,https://www.uber.com/us/en/careers/,browser list; careerhtml enrich when detail host known
Tech,"Pinterest",https://careers.pinterest.com/,browser_list,https://careers.pinterest.com/,browser list; careerhtml enrich when detail host known
Tech,"Instacart",https://careers.instacart.com/,browser_list,https://careers.instacart.com/,browser list; careerhtml enrich when detail host known
Tech,"Slack",https://slack.com/careers,browser_list,https://slack.com/careers,browser list; careerhtml enrich when detail host known
Tech,"Zoom",https://zoom.us/careers,browser_list,https://zoom.us/careers,browser list; careerhtml enrich when detail host known
HealthCare,"UnitedHealth Group",https://careers.unitedhealthgroup.com/,browser_list,https://careers.unitedhealthgroup.com/,browser list; careerhtml enrich when detail host known
HealthCare,"McKesson Corporation",https://careers.mckesson.com/,browser_list,https://careers.mckesson.com/,browser list; careerhtml enrich when detail host known
HealthCare,"CVS Health Corporation",https://jobs.cvshealth.com/,browser_list,https://jobs.cvshealth.com/,browser list; careerhtml enrich when detail host known
HealthCare,"AmerisourceBergen Corporation",https://www.amerisourcebergen.com/careers,browser_list,https://www.amerisourcebergen.com/careers,browser list; careerhtml enrich when detail host known
HealthCare,"Cardinal Health  Inc.",https://jobs.cardinalhealth.com/,browser_list,https://jobs.cardinalhealth.com/,browser list; careerhtml enrich when detail host known
HealthCare,"Walgreens Boots Alliance  Inc.",https://jobs.walgreens.com/,browser_list,https://jobs.walgreens.com/,browser list; careerhtml enrich when detail host known
HealthCare,"Anthem  Inc.",https://careers.antheminc.com/,browser_list,https://careers.antheminc.com/,browser list; careerhtml enrich when detail host known
HealthCare,"Kaiser Permanente",https://www.kaiserpermanentejobs.org/,browser_list,https://www.kaiserpermanentejobs.org/,browser list; careerhtml enrich when detail host known
HealthCare,"Ascension Health Alliance",https://jobs.ascension.org/,browser_list,https://jobs.ascension.org/,browser list; careerhtml enrich when detail host known
HealthCare,"Humana Inc.",https://www.humana.com/about/careers/,browser_list,https://www.humana.com/about/careers/,browser list; careerhtml enrich when detail host known
HealthCare,"HCA Healthcare  Inc.",https://careers.hcahealthcare.com/,browser_list,https://careers.hcahealthcare.com/,browser list; careerhtml enrich when detail host known
HealthCare,"Tenet Healthcare Corporation",https://jobs.tenethealth.com/,browser_list,https://jobs.tenethealth.com/,browser list; careerhtml enrich when detail host known
HealthCare,"Cigna Corporation",https://jobs.cigna.com/,phenom_try,https://jobs.cigna.com/us/en/search-results,TRY /us/en/search-results
HealthCare,"Community Health Systems  Inc.",https://jobs.chs.net/,browser_list,https://jobs.chs.net/,browser list; careerhtml enrich when detail host known
HealthCare,"Universal Health Services  Inc.",https://jobs.uhsinc.com/,browser_list,https://jobs.uhsinc.com/,browser list; careerhtml enrich when detail host known
HealthCare,"Centene Corporation",https://jobs.centene.com/,browser_list,https://jobs.centene.com/,browser list; careerhtml enrich when detail host known
HealthCare,"Cardinal Health  Inc.",https://jobs.cardinalhealth.com/,browser_list,https://jobs.cardinalhealth.com/,browser list; careerhtml enrich when detail host known
HealthCare,"Laboratory Corporation of America Holdings",https://jobs.labcorp.com/,browser_list,https://jobs.labcorp.com/,browser list; careerhtml enrich when detail host known
HealthCare,"Molina Healthcare  Inc.",https://jobs.molinahealthcare.com/,browser_list,https://jobs.molinahealthcare.com/,browser list; careerhtml enrich when detail host known
HealthCare,"Dignity Health",https://www.dignityhealthcareers.org/,browser_list,https://www.dignityhealthcareers.org/,browser list; careerhtml enrich when detail host known
HealthCare,"Kindred Healthcare  LLC",https://www.kindredhealthcare.com/careers,browser_list,https://www.kindredhealthcare.com/careers,browser list; careerhtml enrich when detail host known
HealthCare,"Encompass Health Corporation",https://jobs.encompasshealth.com/,browser_list,https://jobs.encompasshealth.com/,browser list; careerhtml enrich when detail host known
HealthCare,"Quest Diagnostics Incorporated",https://careers.questdiagnostics.com/,browser_list,https://careers.questdiagnostics.com/,browser list; careerhtml enrich when detail host known
HealthCare,"Brookdale Senior Living Inc.",https://jobs.brookdale.com/,browser_list,https://jobs.brookdale.com/,browser list; careerhtml enrich when detail host known
HealthCare,"Acadia Healthcare Company  Inc.",https://careers.acadiahealthcare.com/,browser_list,https://careers.acadiahealthcare.com/,browser list; careerhtml enrich when detail host known
HealthCare,"DaVita Inc.",https://careers.davita.com/,browser_list,https://careers.davita.com/,browser list; careerhtml enrich when detail host known
HealthCare,"Select Medical Corporation",https://jobs.selectmedical.com/,browser_list,https://jobs.selectmedical.com/,browser list; careerhtml enrich when detail host known
HealthCare,"Fresenius Medical Care AG & Co. KGaA",https://jobs.fmcna.com/,browser_list,https://jobs.fmcna.com/,browser list; careerhtml enrich when detail host known
HealthCare,"Magellan Health  Inc.",https://careers.magellanhealth.com/,browser_list,https://careers.magellanhealth.com/,browser list; careerhtml enrich when detail host known
HealthCare,"Genesis Healthcare Inc.",https://genesiscareers.jobs.net/,browser_list,https://genesiscareers.jobs.net/,browser list; careerhtml enrich when detail host known
HealthCare,"LifePoint Health  Inc.",https://lifepointhealth.jobs.net/,browser_list,https://lifepointhealth.jobs.net/,browser list; careerhtml enrich when detail host known
HealthCare,"TeamHealth Holdings  Inc.",https://careers.teamhealth.com/,browser_list,https://careers.teamhealth.com/,browser list; careerhtml enrich when detail host known
HealthCare,"Cerner Corporation",https://careers.cerner.com/,browser_list,https://careers.cerner.com/,browser list; careerhtml enrich when detail host known
HealthCare,"Change Healthcare Holdings  Inc.",https://careers.changehealthcare.com/,browser_list,https://careers.changehealthcare.com/,browser list; careerhtml enrich when detail host known
HealthCare,"Universal Health Services  Inc.",https://jobs.uhsinc.com/,browser_list,https://jobs.uhsinc.com/,browser list; careerhtml enrich when detail host known
HealthCare,"Health Care Service Corporation (HCSC)",https://jobs.hcsc.com/,browser_list,https://jobs.hcsc.com/,browser list; careerhtml enrich when detail host known
HealthCare,"Molina Healthcare  Inc.",https://jobs.molinahealthcare.com/,browser_list,https://jobs.molinahealthcare.com/,browser list; careerhtml enrich when detail host known
HealthCare,"Amedisys  Inc.",https://jobs.amedisys.com/,browser_list,https://jobs.amedisys.com/,browser list; careerhtml enrich when detail host known
HealthCare,"LHC Group  Inc.",https://jobs.lhcgroup.com/,browser_list,https://jobs.lhcgroup.com/,browser list; careerhtml enrich when detail host known
HealthCare,"Magellan Health  Inc.",https://careers.magellanhealth.com/,browser_list,https://careers.magellanhealth.com/,browser list; careerhtml enrich when detail host known
HealthCare,"Chemed Corporation",https://jobs.chemed.com/,browser_list,https://jobs.chemed.com/,browser list; careerhtml enrich when detail host known
HealthCare,"Universal Health Services  Inc.",https://jobs.uhsinc.com/,browser_list,https://jobs.uhsinc.com/,browser list; careerhtml enrich when detail host known
HealthCare,"Centene Corporation",https://jobs.centene.com/,browser_list,https://jobs.centene.com/,browser list; careerhtml enrich when detail host known
HealthCare,"Community Health Systems  Inc.",https://jobs.chs.net/,browser_list,https://jobs.chs.net/,browser list; careerhtml enrich when detail host known
HealthCare,"Sun Healthcare Group  Inc.",https://jobs.kindredathome.com/,browser_list,https://jobs.kindredathome.com/,browser list; careerhtml enrich when detail host known
HealthCare,"Sun Healthcare Group  Inc.",https://jobs.kindredathome.com/,browser_list,https://jobs.kindredathome.com/,browser list; careerhtml enrich when detail host known
HealthCare,"Select Medical Corporation",https://jobs.selectmedical.com/,browser_list,https://jobs.selectmedical.com/,browser list; careerhtml enrich when detail host known
HealthCare,"Davita Inc.",https://careers.davita.com/,browser_list,https://careers.davita.com/,browser list; careerhtml enrich when detail host known
HealthCare,"Envision Healthcare Corporation",https://www.evhc.net/careers,browser_list,https://www.evhc.net/careers,browser list; careerhtml enrich when detail host known
HealthCare,"Hanger  Inc.",https://jobs.hanger.com/,browser_list,https://jobs.hanger.com/,browser list; careerhtml enrich when detail host known
IT Consulting,"Accenture",https://www.accenture.com/us-en/careers,browser_list,https://www.accenture.com/us-en/careers,browser list; careerhtml enrich when detail host known
IT Consulting,"Deloitte",https://jobs2.deloitte.com/us/en/,browser_list,https://jobs2.deloitte.com/us/en/,browser list; careerhtml enrich when detail host known
IT Consulting,"IBM",https://www.ibm.com/employment/,browser_list,https://www.ibm.com/employment/,browser list; careerhtml enrich when detail host known
IT Consulting,"Cognizant",https://careers.cognizant.com/global/en,browser_list,https://careers.cognizant.com/global/en,browser list; careerhtml enrich when detail host known
IT Consulting,"Infosys",https://www.infosys.com/careers/,browser_list,https://www.infosys.com/careers/,browser list; careerhtml enrich when detail host known
IT Consulting,"Tata Consultancy Services (TCS)",https://www.tcs.com/careers,browser_list,https://www.tcs.com/careers,browser list; careerhtml enrich when detail host known
IT Consulting,"Capgemini",https://www.capgemini.com/careers/,browser_list,https://www.capgemini.com/careers/,browser list; careerhtml enrich when detail host known
IT Consulting,"Wipro Limited",https://careers.wipro.com/,browser_list,https://careers.wipro.com/,browser list; careerhtml enrich when detail host known
IT Consulting,"HCL Technologies",https://www.hcltech.com/careers,browser_list,https://www.hcltech.com/careers,browser list; careerhtml enrich when detail host known
IT Consulting,"DXC Technology",https://www.dxc.technology/careers,browser_list,https://www.dxc.technology/careers,browser list; careerhtml enrich when detail host known
IT Consulting,"Tech Mahindra",https://www.techmahindra.com/careers/,browser_list,https://www.techmahindra.com/careers/,browser list; careerhtml enrich when detail host known
IT Consulting,"Ernst & Young (EY)",https://www.ey.com/en_us/careers,browser_list,https://www.ey.com/en_us/careers,browser list; careerhtml enrich when detail host known
IT Consulting,"PricewaterhouseCoopers (PwC)",https://www.pwc.com/us/en/careers.html,browser_list,https://www.pwc.com/us/en/careers.html,browser list; careerhtml enrich when detail host known
IT Consulting,"CGI Inc.",https://www.cgi.com/careers,browser_list,https://www.cgi.com/careers,browser list; careerhtml enrich when detail host known
IT Consulting,"Booz Allen Hamilton",https://www.boozallen.com/careers.html,browser_list,https://www.boozallen.com/careers.html,browser list; careerhtml enrich when detail host known
IT Consulting,"Wipro Limited",https://careers.wipro.com/,browser_list,https://careers.wipro.com/,browser list; careerhtml enrich when detail host known
IT Consulting,"LTI (L&T Infotech)",https://www.lntinfotech.com/careers/,browser_list,https://www.lntinfotech.com/careers/,browser list; careerhtml enrich when detail host known
IT Consulting,"Mindtree",https://www.mindtree.com/careers,browser_list,https://www.mindtree.com/careers,browser list; careerhtml enrich when detail host known
IT Consulting,"Virtusa",https://www.virtusa.com/careers,browser_list,https://www.virtusa.com/careers,browser list; careerhtml enrich when detail host known
IT Consulting,"NTT DATA",https://careers-inc.nttdata.com/,browser_list,https://careers-inc.nttdata.com/,browser list; careerhtml enrich when detail host known
IT Consulting,"Hitachi Consulting",https://www.hitachiconsulting.com/about-us/careers/,browser_list,https://www.hitachiconsulting.com/about-us/careers/,browser list; careerhtml enrich when detail host known
IT Consulting,"Mphasis",https://www.mphasis.com/careers.html,browser_list,https://www.mphasis.com/careers.html,browser list; careerhtml enrich when detail host known
IT Consulting,"Zensar Technologies",https://www.zensar.com/careers,browser_list,https://www.zensar.com/careers,browser list; careerhtml enrich when detail host known
IT Consulting,"EPAM Systems",https://www.epam.com/careers,browser_list,https://www.epam.com/careers,browser list; careerhtml enrich when detail host known
IT Consulting,"Atos",https://atos.net/en/careers,browser_list,https://atos.net/en/careers,browser list; careerhtml enrich when detail host known
IT Consulting,"Persistent Systems",https://www.persistent.com/careers/,browser_list,https://www.persistent.com/careers/,browser list; careerhtml enrich when detail host known
IT Consulting,"Hexaware Technologies",https://hexaware.com/careers/,browser_list,https://hexaware.com/careers/,browser list; careerhtml enrich when detail host known
IT Consulting,"Larsen & Toubro Infotech (LTI)",https://www.lntinfotech.com/careers/,browser_list,https://www.lntinfotech.com/careers/,browser list; careerhtml enrich when detail host known
IT Consulting,"Mindtree",https://www.mindtree.com/careers,browser_list,https://www.mindtree.com/careers,browser list; careerhtml enrich when detail host known
IT Consulting,"Virtusa",https://www.virtusa.com/careers,browser_list,https://www.virtusa.com/careers,browser list; careerhtml enrich when detail host known
Ecommerece,"Amazon",https://www.amazon.jobs/,browser_list,https://www.amazon.jobs/,browser list; careerhtml enrich when detail host known
Ecommerece,"Walmart",https://careers.walmart.com/,browser_list,https://careers.walmart.com/,browser list; careerhtml enrich when detail host known
Ecommerece,"Apple",https://www.apple.com/jobs/us/,browser_list,https://www.apple.com/jobs/us/,browser list; careerhtml enrich when detail host known
Ecommerece,"The Home Depot",https://careers.homedepot.com/,browser_list,https://careers.homedepot.com/,browser list; careerhtml enrich when detail host known
Ecommerece,"Best Buy",https://www.bestbuy-jobs.com/,browser_list,https://www.bestbuy-jobs.com/,browser list; careerhtml enrich when detail host known
Ecommerece,"Target",https://jobs.target.com/,browser_list,https://jobs.target.com/,browser list; careerhtml enrich when detail host known
Ecommerece,"Costco Wholesale",https://www.costco.com/jobs.html,browser_list,https://www.costco.com/jobs.html,browser list; careerhtml enrich when detail host known
Ecommerece,"Wayfair",https://www.wayfair.com/careers,browser_list,https://www.wayfair.com/careers,browser list; careerhtml enrich when detail host known
Ecommerece,"Macy's",https://www.macysjobs.com/,browser_list,https://www.macysjobs.com/,browser list; careerhtml enrich when detail host known
Ecommerece,"Kohl's",https://careers.kohls.com/,browser_list,https://careers.kohls.com/,browser list; careerhtml enrich when detail host known
Ecommerece,"Lowe's",https://jobs.lowes.com/,browser_list,https://jobs.lowes.com/,browser list; careerhtml enrich when detail host known
Ecommerece,"eBay",https://careers.ebayinc.com/join-our-team/start-your-search/,browser_list,https://careers.ebayinc.com/join-our-team/start-your-search/,browser list; careerhtml enrich when detail host known
Ecommerece,"Netflix",https://jobs.netflix.com/jobs,browser_list,https://jobs.netflix.com/jobs,browser list; careerhtml enrich when detail host known
Ecommerece,"Nordstrom",https://careers.nordstrom.com/,browser_list,https://careers.nordstrom.com/,browser list; careerhtml enrich when detail host known
Ecommerece,"Etsy",https://www.etsy.com/careers,browser_list,https://www.etsy.com/careers,browser list; careerhtml enrich when detail host known
Ecommerece,"Bed Bath & Beyond",https://www.bedbathandbeyond.jobs/,browser_list,https://www.bedbathandbeyond.jobs/,browser list; careerhtml enrich when detail host known
Ecommerece,"Qurate Retail Group",https://jobs.qurateretailgroup.com/,browser_list,https://jobs.qurateretailgroup.com/,browser list; careerhtml enrich when detail host known
Ecommerece,"Chewy",https://careers.chewy.com/,browser_list,https://careers.chewy.com/,browser list; careerhtml enrich when detail host known
Ecommerece,"Dollar General",https://careers.dollargeneral.com/,browser_list,https://careers.dollargeneral.com/,browser list; careerhtml enrich when detail host known
Ecommerece,"TJX Companies",https://jobs.tjx.com/,browser_list,https://jobs.tjx.com/,browser list; careerhtml enrich when detail host known
Ecommerece,"Ross Stores",https://jobs.rossstores.com/,browser_list,https://jobs.rossstores.com/,browser list; careerhtml enrich when detail host known
Ecommerece,"Petco",https://careers.petco.com/,browser_list,https://careers.petco.com/,browser list; careerhtml enrich when detail host known
Ecommerece,"Williams-Sonoma",https://www.williams-sonomainc.com/careers/,browser_list,https://www.williams-sonomainc.com/careers/,browser list; careerhtml enrich when detail host known
Ecommerece,"GameStop",https://careers.gamestop.com/,browser_list,https://careers.gamestop.com/,browser list; careerhtml enrich when detail host known
Ecommerece,"Overstock.com",https://www.overstock.com/careers,browser_list,https://www.overstock.com/careers,browser list; careerhtml enrich when detail host known
Ecommerece,"BJ's Wholesale Club",https://careers.bjs.com/,browser_list,https://careers.bjs.com/,browser list; careerhtml enrich when detail host known
Ecommerece,"Rite Aid",https://jobs.riteaid.com/,browser_list,https://jobs.riteaid.com/,browser list; careerhtml enrich when detail host known
Ecommerece,"AutoZone",https://careers.autozone.com/,browser_list,https://careers.autozone.com/,browser list; careerhtml enrich when detail host known
Ecommerece,"Tractor Supply Company",https://tractorsupply.jobs/,browser_list,https://tractorsupply.jobs/,browser list; careerhtml enrich when detail host known
Ecommerece,"Michaels",https://www.michaels.com/careers,browser_list,https://www.michaels.com/careers,browser list; careerhtml enrich when detail host known
Ecommerece,"Dollar Tree",https://www.dollartree.com/careers,browser_list,https://www.dollartree.com/careers,browser list; careerhtml enrich when detail host known
Ecommerece,"Advance Auto Parts",https://www.advanceautoparts.jobs/,browser_list,https://www.advanceautoparts.jobs/,browser list; careerhtml enrich when detail host known
Ecommerece,"Wayfair",https://www.wayfair.com/careers,browser_list,https://www.wayfair.com/careers,browser list; careerhtml enrich when detail host known
Ecommerece,"The Container Store",https://www.containerstore.com/careers,browser_list,https://www.containerstore.com/careers,browser list; careerhtml enrich when detail host known
Ecommerece,"GameStop",https://careers.gamestop.com/,browser_list,https://careers.gamestop.com/,browser list; careerhtml enrich when detail host known
Ecommerece,"Revolve Group",https://www.revolvegroup.com/careers,browser_list,https://www.revolvegroup.com/careers,browser list; careerhtml enrich when detail host known
Ecommerece,"Groupon",https://jobs.groupon.com/,browser_list,https://jobs.groupon.com/,browser list; careerhtml enrich when detail host known
Ecommerece,"1-800-FLOWERS.COM",https://www.1800flowers.com/careers,browser_list,https://www.1800flowers.com/careers,browser list; careerhtml enrich when detail host known
Ecommerece,"DICK'S Sporting Goods",https://careers.dickssportinggoods.com/,browser_list,https://careers.dickssportinggoods.com/,browser list; careerhtml enrich when detail host known
Ecommerece,"L Brands",https://careers.lb.com/,browser_list,https://careers.lb.com/,browser list; careerhtml enrich when detail host known
Ecommerece,"Foot Locker",https://www.footlocker-inc.com/careers,browser_list,https://www.footlocker-inc.com/careers,browser list; careerhtml enrich when detail host known
Ecommerece,"Abercrombie & Fitch",https://corporate.abercrombie.com/careers,browser_list,https://corporate.abercrombie.com/careers,browser list; careerhtml enrich when detail host known
Ecommerece,"Build-A-Bear Workshop",https://careers.buildabear.com/,browser_list,https://careers.buildabear.com/,browser list; careerhtml enrich when detail host known
Ecommerece,"Lands' End",https://www.landsend.com/jobs/,browser_list,https://www.landsend.com/jobs/,browser list; careerhtml enrich when detail host known
Ecommerece,"Signet Jewelers",https://www.signetjewelers.com/careers,browser_list,https://www.signetjewelers.com/careers,browser list; careerhtml enrich when detail host known
Ecommerece,"Office Depot",https://jobs.officedepot.com/,browser_list,https://jobs.officedepot.com/,browser list; careerhtml enrich when detail host known
Ecommerece,"Party City",https://corporate.partycity.com/careers,browser_list,https://corporate.partycity.com/careers,browser list; careerhtml enrich when detail host known
Ecommerece,"American Eagle Outfitters",https://aeo.jobs/,browser_list,https://aeo.jobs/,browser list; careerhtml enrich when detail host known
Ecommerece,"1stdibs",https://www.1stdibs.com/careers/,browser_list,https://www.1stdibs.com/careers/,browser list; careerhtml enrich when detail host known
Ecommerece,"Ulta Beauty",https://careers.ulta.com/,browser_list,https://careers.ulta.com/,browser list; careerhtml enrich when detail host known
Ecommerece,"Ascena Retail Group",https://www.ascenaretail.com/careers/,browser_list,https://www.ascenaretail.com/careers/,browser list; careerhtml enrich when detail host known
Ecommerece,"Bed Bath & Beyond",https://www.bedbathandbeyond.jobs/,browser_list,https://www.bedbathandbeyond.jobs/,browser list; careerhtml enrich when detail host known
Ecommerece,"HSN (Home Shopping Network)",https://jobs.hsn.com/,browser_list,https://jobs.hsn.com/,browser list; careerhtml enrich when detail host known
Ecommerece,"Burlington Stores",https://www.burlingtonstores.jobs/,browser_list,https://www.burlingtonstores.jobs/,browser list; careerhtml enrich when detail host known
Ecommerece,"Zumiez",https://www.zumiez.com/jobs,browser_list,https://www.zumiez.com/jobs,browser list; careerhtml enrich when detail host known
Ecommerece,"Shoe Carnival",https://www.shoecarnival.com/careers,browser_list,https://www.shoecarnival.com/careers,browser list; careerhtml enrich when detail host known
Ecommerece,"The RealReal",https://www.therealreal.com/careers,browser_list,https://www.therealreal.com/careers,browser list; careerhtml enrich when detail host known
Ecommerece,"Express",https://jobs.express.com/,browser_list,https://jobs.express.com/,browser list; careerhtml enrich when detail host known
Ecommerece,"Big Lots",https://www.biglots.com/corporate/careers/,browser_list,https://www.biglots.com/corporate/careers/,browser list; careerhtml enrich when detail host known
Ecommerece,"Lululemon",https://info.lululemon.com/careers,browser_list,https://info.lululemon.com/careers,browser list; careerhtml enrich when detail host known
Ecommerece,"Stitch Fix",https://www.stitchfix.com/careers,browser_list,https://www.stitchfix.com/careers,browser list; careerhtml enrich when detail host known
Ecommerece,"Levi Strauss & Co.",https://www.levistrauss.com/careers/,browser_list,https://www.levistrauss.com/careers/,browser list; careerhtml enrich when detail host known
Ecommerece,"Sally Beauty Holdings",https://jobs.sallybeauty.com/,browser_list,https://jobs.sallybeauty.com/,browser list; careerhtml enrich when detail host known
Ecommerece,"Hibbett Sports",https://www.hibbett.com/careers,browser_list,https://www.hibbett.com/careers,browser list; careerhtml enrich when detail host known
Ecommerece,"Tailored Brands",https://jobs.tailoredbrands.com/,browser_list,https://jobs.tailoredbrands.com/,browser list; careerhtml enrich when detail host known
Ecommerece,"Designer Brands",https://www.designerbrands.com/careers,browser_list,https://www.designerbrands.com/careers,browser list; careerhtml enrich when detail host known
Ecommerece,"Francesca's",https://www.francescas.com/jobs,browser_list,https://www.francescas.com/jobs,browser list; careerhtml enrich when detail host known
Ecommerece,"RH (Restoration Hardware)",https://jobs.rh.com/,browser_list,https://jobs.rh.com/,browser list; careerhtml enrich when detail host known
Ecommerece,"Shoe Carnival",https://www.shoecarnival.com/careers,browser_list,https://www.shoecarnival.com/careers,browser list; careerhtml enrich when detail host known
Ecommerece,"At Home",https://www.athome.com/careers,browser_list,https://www.athome.com/careers,browser list; careerhtml enrich when detail host known
Ecommerece,"Academy Sports + Outdoors",https://careers.academy.com/,browser_list,https://careers.academy.com/,browser list; careerhtml enrich when detail host known
Ecommerece,"Stitch Fix",https://www.stitchfix.com/careers,browser_list,https://www.stitchfix.com/careers,browser list; careerhtml enrich when detail host known
Ecommerece,"Abercrombie & Fitch",https://corporate.abercrombie.com/careers,browser_list,https://corporate.abercrombie.com/careers,browser list; careerhtml enrich when detail host known
Ecommerece,"Citi Trends",https://www.cititrends.com/careers,browser_list,https://www.cititrends.com/careers,browser list; careerhtml enrich when detail host known
Ecommerece,"Francesca's",https://www.francescas.com/jobs,browser_list,https://www.francescas.com/jobs,browser list; careerhtml enrich when detail host known
Ecommerece,"Genesco",https://jobs.genesco.com/,browser_list,https://jobs.genesco.com/,browser list; careerhtml enrich when detail host known
Ecommerece,"Designer Brands",https://www.designerbrands.com/careers,browser_list,https://www.designerbrands.com/careers,browser list; careerhtml enrich when detail host known
Ecommerece,"Ascena Retail Group",https://www.ascenaretail.com/careers/,browser_list,https://www.ascenaretail.com/careers/,browser list; careerhtml enrich when detail host known
Telecommunications,"AT&T Inc.",https://www.att.jobs/,browser_list,https://www.att.jobs/,browser list; careerhtml enrich when detail host known
Telecommunications,"Verizon Communications Inc.",https://www.verizon.com/about/careers/,browser_list,https://www.verizon.com/about/careers/,browser list; careerhtml enrich when detail host known
Telecommunications,"Comcast Corporation",https://jobs.comcast.com/,browser_list,https://jobs.comcast.com/,browser list; careerhtml enrich when detail host known
Telecommunications,"Charter Communications  Inc.",https://jobs.spectrum.com/,browser_list,https://jobs.spectrum.com/,browser list; careerhtml enrich when detail host known
Telecommunications,"T-Mobile US  Inc.",https://www.t-mobile.com/careers,browser_list,https://www.t-mobile.com/careers,browser list; careerhtml enrich when detail host known
Telecommunications,"Sprint Corporation (now part of T-Mobile)",https://www.t-mobile.com/careers,browser_list,https://www.t-mobile.com/careers,browser list; careerhtml enrich when detail host known
Telecommunications,"CenturyLink  Inc. (now Lumen Technologies)",https://jobs.lumen.com/,browser_list,https://jobs.lumen.com/,browser list; careerhtml enrich when detail host known
Telecommunications,"DISH Network Corporation",https://careers.dish.com/,browser_list,https://careers.dish.com/,browser list; careerhtml enrich when detail host known
Telecommunications,"Cox Communications  Inc.",https://jobs.coxenterprises.com/category/cox-communications-jobs/1645/8063/1,browser_list,https://jobs.coxenterprises.com/category/cox-communications-jobs/1645/8063/1,browser list; careerhtml enrich when detail host known
Telecommunications,"Frontier Communications Corporation",https://www.frontier.com/careers,browser_list,https://www.frontier.com/careers,browser list; careerhtml enrich when detail host known
Telecommunications,"Altice USA  Inc.",https://alticeusacareers.com/,browser_list,https://alticeusacareers.com/,browser list; careerhtml enrich when detail host known
Telecommunications,"Windstream Holdings  Inc.",https://www.windstream.com/about/careers,browser_list,https://www.windstream.com/about/careers,browser list; careerhtml enrich when detail host known
Telecommunications,"Cable One  Inc. (now Sparklight)",https://www.sparklight.com/careers,browser_list,https://www.sparklight.com/careers,browser list; careerhtml enrich when detail host known
Telecommunications,"Consolidated Communications Holdings  Inc.",https://www.consolidated.com/about-us/careers,browser_list,https://www.consolidated.com/about-us/careers,browser list; careerhtml enrich when detail host known
Telecommunications,"TDS Telecommunications LLC",https://tdstelecom.com/careers.html,browser_list,https://tdstelecom.com/careers.html,browser list; careerhtml enrich when detail host known
Telecommunications,"Vonage Holdings Corp.",https://careers.vonage.com/,browser_list,https://careers.vonage.com/,browser list; careerhtml enrich when detail host known
Telecommunications,"Cincinnati Bell Inc.",https://www.cincinnatibell.com/careers,browser_list,https://www.cincinnatibell.com/careers,browser list; careerhtml enrich when detail host known
Telecommunications,"WOW! Internet  Cable & Phone",https://jobs.wowway.com/,browser_list,https://jobs.wowway.com/,browser list; careerhtml enrich when detail host known
Telecommunications,"Liberty Broadband Corporation",https://jobs.libertyglobal.com/,browser_list,https://jobs.libertyglobal.com/,browser list; careerhtml enrich when detail host known
Telecommunications,"Lumos Networks Corp.",https://www.lumosnetworks.com/careers/,browser_list,https://www.lumosnetworks.com/careers/,browser list; careerhtml enrich when detail host known
Telecommunications,"Alaska Communications Systems Group  Inc.",https://www.alaskacommunications.com/Careers,browser_list,https://www.alaskacommunications.com/Careers,browser list; careerhtml enrich when detail host known
Telecommunications,"Shentel (Shenandoah Telecommunications Company)",https://careers.shentel.com/,browser_list,https://careers.shentel.com/,browser list; careerhtml enrich when detail host known
Telecommunications,"Uniti Group Inc.",https://www.uniti.com/careers,browser_list,https://www.uniti.com/careers,browser list; careerhtml enrich when detail host known
Telecommunications,"Consolidated Communications  Inc.",https://www.consolidated.com/about-us/careers,browser_list,https://www.consolidated.com/about-us/careers,browser list; careerhtml enrich when detail host known
Telecommunications,"Shenandoah Telecommunications Company (Shentel)",https://careers.shentel.com/,browser_list,https://careers.shentel.com/,browser list; careerhtml enrich when detail host known
Telecommunications,"Liberty Latin America Ltd.",https://www.lla.com/careers,browser_list,https://www.lla.com/careers,browser list; careerhtml enrich when detail host known
Telecommunications,"United States Cellular Corporation",https://www.uscellular.jobs/,browser_list,https://www.uscellular.jobs/,browser list; careerhtml enrich when detail host known
Telecommunications,"Hawaiian Telcom Holdco  Inc.",https://www.hawaiiantel.com/about-us/careers.html,browser_list,https://www.hawaiiantel.com/about-us/careers.html,browser list; careerhtml enrich when detail host known
Telecommunications,"Lumos Networks Corp.",https://www.lumosnetworks.com/careers/,browser_list,https://www.lumosnetworks.com/careers/,browser list; careerhtml enrich when detail host known
Telecommunications,"Cable & Wireless Communications Limited (C&W Communications)",https://careers.libertylatinamerica.com/careers,browser_list,https://careers.libertylatinamerica.com/careers,browser list; careerhtml enrich when detail host known
Telecommunications,"GTT Communications  Inc.",https://www.gtt.net/careers/,browser_list,https://www.gtt.net/careers/,browser list; careerhtml enrich when detail host known
Telecommunications,"Midco (Midcontinent Communications)",https://www.midco.com/careers/,browser_list,https://www.midco.com/careers/,browser list; careerhtml enrich when detail host known
Telecommunications,"Consolidated Communications Holdings  Inc.",https://www.consolidated.com/about-us/careers,browser_list,https://www.consolidated.com/about-us/careers,browser list; careerhtml enrich when detail host known
Telecommunications,"Uniti Group Inc.",https://www.uniti.com/careers,browser_list,https://www.uniti.com/careers,browser list; careerhtml enrich when detail host known
Telecommunications,"Blue Stream Fiber",https://bluestreamfiber.com/careers/,browser_list,https://bluestreamfiber.com/careers/,browser list; careerhtml enrich when detail host known
Telecommunications,"Hawaiian Telcom Holdco  Inc.",https://www.hawaiiantel.com/about-us/careers.html,browser_list,https://www.hawaiiantel.com/about-us/careers.html,browser list; careerhtml enrich when detail host known
Telecommunications,"Lingo Communications",https://www.lingotalk.com/careers/,browser_list,https://www.lingotalk.com/careers/,browser list; careerhtml enrich when detail host known
Telecommunications,"Wave Broadband",https://www.wavebroadband.com/careers/,browser_list,https://www.wavebroadband.com/careers/,browser list; careerhtml enrich when detail host known
Telecommunications,"Cincinnati Bell Inc.",https://www.cincinnatibell.com/careers,browser_list,https://www.cincinnatibell.com/careers,browser list; careerhtml enrich when detail host known
Telecommunications,"Sparklight",https://www.sparklight.com/careers,browser_list,https://www.sparklight.com/careers,browser list; careerhtml enrich when detail host known
Telecommunications,"MetroNet  Inc.",https://careers.metronetinc.com/,browser_list,https://careers.metronetinc.com/,browser list; careerhtml enrich when detail host known
Telecommunications,"Ziply Fiber",https://www.ziplyfiber.com/about-us/careers/,browser_list,https://www.ziplyfiber.com/about-us/careers/,browser list; careerhtml enrich when detail host known
Telecommunications,"Suddenlink Communications (now Altice USA)",https://alticeusacareers.com/,browser_list,https://alticeusacareers.com/,browser list; careerhtml enrich when detail host known
Telecommunications,"Consolidated Communications  Inc.",https://www.consolidated.com/about-us/careers,browser_list,https://www.consolidated.com/about-us/careers,browser list; careerhtml enrich when detail host known
Telecommunications,"Consolidated Communications Holdings  Inc.",https://www.consolidated.com/about-us/careers,browser_list,https://www.consolidated.com/about-us/careers,browser list; careerhtml enrich when detail host known
Telecommunications,"Segra",https://www.segra.com/careers/,browser_list,https://www.segra.com/careers/,browser list; careerhtml enrich when detail host known
Telecommunications,"Wave Broadband",https://www.wavebroadband.com/careers/,browser_list,https://www.wavebroadband.com/careers/,browser list; careerhtml enrich when detail host known
Telecommunications,"Otelco Inc.",https://www.otelco.com/careers/,browser_list,https://www.otelco.com/careers/,browser list; careerhtml enrich when detail host known
Telecommunications,"Fidelity Communications Co.",https://www.fidelitycommunications.com/careers/,browser_list,https://www.fidelitycommunications.com/careers/,browser list; careerhtml enrich when detail host known
Retail,"Walmart Inc.",https://careers.walmart.com/,browser_list,https://careers.walmart.com/,browser list; careerhtml enrich when detail host known
Retail,"Amazon.com  Inc.",https://www.amazon.jobs/,browser_list,https://www.amazon.jobs/,browser list; careerhtml enrich when detail host known
Retail,"The Kroger Co.",https://jobs.kroger.com/,browser_list,https://jobs.kroger.com/,browser list; careerhtml enrich when detail host known
Retail,"Costco Wholesale Corporation",https://www.costco.com/jobs.html,browser_list,https://www.costco.com/jobs.html,browser list; careerhtml enrich when detail host known
Retail,"Walgreens Boots Alliance  Inc.",https://jobs.walgreens.com/,browser_list,https://jobs.walgreens.com/,browser list; careerhtml enrich when detail host known
Retail,"The Home Depot  Inc.",https://careers.homedepot.com/,browser_list,https://careers.homedepot.com/,browser list; careerhtml enrich when detail host known
Retail,"CVS Health Corporation",https://jobs.cvshealth.com/,browser_list,https://jobs.cvshealth.com/,browser list; careerhtml enrich when detail host known
Retail,"Target Corporation",https://corporate.target.com/careers/,browser_list,https://corporate.target.com/careers/,browser list; careerhtml enrich when detail host known
Retail,"Lowe's Companies  Inc.",https://jobs.lowes.com/,browser_list,https://jobs.lowes.com/,browser list; careerhtml enrich when detail host known
Retail,"Albertsons Companies  Inc.",https://www.albertsonscompanies.com/careers.html,browser_list,https://www.albertsonscompanies.com/careers.html,browser list; careerhtml enrich when detail host known
Retail,"Best Buy Co.  Inc.",https://www.bestbuy-jobs.com/,browser_list,https://www.bestbuy-jobs.com/,browser list; careerhtml enrich when detail host known
Retail,"Rite Aid Corporation",https://careers.info.riteaid.com/,browser_list,https://careers.info.riteaid.com/,browser list; careerhtml enrich when detail host known
Retail,"McDonald's Corporation",https://careers.mcdonalds.com/us,browser_list,https://careers.mcdonalds.com/us,browser list; careerhtml enrich when detail host known
Retail,"Dollar General Corporation",https://careers.dollargeneral.com/,browser_list,https://careers.dollargeneral.com/,browser list; careerhtml enrich when detail host known
Retail,"Dollar Tree  Inc.",https://www.dollartree.com/careers,browser_list,https://www.dollartree.com/careers,browser list; careerhtml enrich when detail host known
Retail,"TJX Companies  Inc.",https://jobs.tjx.com/,browser_list,https://jobs.tjx.com/,browser list; careerhtml enrich when detail host known
Retail,"7-Eleven  Inc.",https://careers.7-eleven.com/careers/home,browser_list,https://careers.7-eleven.com/careers/home,browser list; careerhtml enrich when detail host known
Retail,"Ross Stores  Inc.",https://jobs.rossstores.com/,browser_list,https://jobs.rossstores.com/,browser list; careerhtml enrich when detail host known
Retail,"Apple Inc.",https://jobs.apple.com/us/search,browser_list,https://jobs.apple.com/us/search,browser list; careerhtml enrich when detail host known
Retail,"Publix Super Markets  Inc.",https://jobs.publix.com/,browser_list,https://jobs.publix.com/,browser list; careerhtml enrich when detail host known
Retail,"Kroger",https://jobs.kroger.com/,browser_list,https://jobs.kroger.com/,browser list; careerhtml enrich when detail host known
Retail,"Target",https://jobs.target.com/,browser_list,https://jobs.target.com/,browser list; careerhtml enrich when detail host known
Retail,"Costco Wholesale",https://www.costco.com/jobs.html,browser_list,https://www.costco.com/jobs.html,browser list; careerhtml enrich when detail host known
Retail,"The Home Depot",https://careers.homedepot.com/,browser_list,https://careers.homedepot.com/,browser list; careerhtml enrich when detail host known
Retail,"Walgreens",https://jobs.walgreens.com/,browser_list,https://jobs.walgreens.com/,browser list; careerhtml enrich when detail host known
Retail,"Amazon",https://www.amazon.jobs/,browser_list,https://www.amazon.jobs/,browser list; careerhtml enrich when detail host known
Retail,"CVS Health",https://jobs.cvshealth.com/,browser_list,https://jobs.cvshealth.com/,browser list; careerhtml enrich when detail host known
Retail,"Lowe's",https://jobs.lowes.com/,browser_list,https://jobs.lowes.com/,browser list; careerhtml enrich when detail host known
Retail,"Best Buy",https://www.bestbuy-jobs.com/,browser_list,https://www.bestbuy-jobs.com/,browser list; careerhtml enrich when detail host known
Retail,"Rite Aid",https://careers.info.riteaid.com/,browser_list,https://careers.info.riteaid.com/,browser list; careerhtml enrich when detail host known
Retail,"Dollar General",https://careers.dollargeneral.com/,browser_list,https://careers.dollargeneral.com/,browser list; careerhtml enrich when detail host known
Retail,"Albertsons",https://www.albertsonscompanies.com/careers.html,browser_list,https://www.albertsonscompanies.com/careers.html,browser list; careerhtml enrich when detail host known
Retail,"TJX Companies",https://jobs.tjx.com/,browser_list,https://jobs.tjx.com/,browser list; careerhtml enrich when detail host known
Retail,"7-Eleven",https://careers.7-eleven.com/careers/home,browser_list,https://careers.7-eleven.com/careers/home,browser list; careerhtml enrich when detail host known
Retail,"Ross Stores",https://jobs.rossstores.com/,browser_list,https://jobs.rossstores.com/,browser list; careerhtml enrich when detail host known
Retail,"Apple",https://jobs.apple.com/us/search,browser_list,https://jobs.apple.com/us/search,browser list; careerhtml enrich when detail host known
Retail,"Publix Super Markets",https://jobs.publix.com/,browser_list,https://jobs.publix.com/,browser list; careerhtml enrich when detail host known
Retail,"Bed Bath & Beyond Inc.",https://jobs.bedbathandbeyond.com/,browser_list,https://jobs.bedbathandbeyond.com/,browser list; careerhtml enrich when detail host known
Retail,"Macy's  Inc.",https://www.macysjobs.com/,browser_list,https://www.macysjobs.com/,browser list; careerhtml enrich when detail host known
Retail,"Nordstrom  Inc.",https://careers.nordstrom.com/,browser_list,https://careers.nordstrom.com/,browser list; careerhtml enrich when detail host known
Retail,"Kohl's Corporation",https://corporate.kohls.com/careers,browser_list,https://corporate.kohls.com/careers,browser list; careerhtml enrich when detail host known
Retail,"JCPenney",https://jobs.jcp.com/,browser_list,https://jobs.jcp.com/,browser list; careerhtml enrich when detail host known
Retail,"Gap Inc.",https://corporate.gapinc.com/en-us/careers,browser_list,https://corporate.gapinc.com/en-us/careers,browser list; careerhtml enrich when detail host known
Retail,"L Brands  Inc.",https://careers.lb.com/,browser_list,https://careers.lb.com/,browser list; careerhtml enrich when detail host known
Retail,"Foot Locker  Inc.",https://www.sneakerjobs.com/,browser_list,https://www.sneakerjobs.com/,browser list; careerhtml enrich when detail host known
Retail,"AutoZone  Inc.",https://careers.autozone.com/,browser_list,https://careers.autozone.com/,browser list; careerhtml enrich when detail host known
Retail,"O'Reilly Automotive  Inc.",https://corporate.oreillyauto.com/onlineapplication/careerpage,browser_list,https://corporate.oreillyauto.com/onlineapplication/careerpage,browser list; careerhtml enrich when detail host known
Retail,"Tractor Supply Company",https://careers.tractorsupply.com/,browser_list,https://careers.tractorsupply.com/,browser list; careerhtml enrich when detail host known
Retail,"Ulta Beauty  Inc.",https://careers.ulta.com/,browser_list,https://careers.ulta.com/,browser list; careerhtml enrich when detail host known
Retail,"DICK'S Sporting Goods  Inc.",https://careers.dickssportinggoods.com/,browser_list,https://careers.dickssportinggoods.com/,browser list; careerhtml enrich when detail host known
Manufacturing,"Apple Inc.",https://www.apple.com/jobs/us/,browser_list,https://www.apple.com/jobs/us/,browser list; careerhtml enrich when detail host known
Manufacturing,"General Motors Company",https://search-careers.gm.com/,browser_list,https://search-careers.gm.com/,browser list; careerhtml enrich when detail host known
Manufacturing,"Ford Motor Company",https://corporate.ford.com/careers.html,browser_list,https://corporate.ford.com/careers.html,browser list; careerhtml enrich when detail host known
Manufacturing,"General Electric Company",https://jobs.gecareers.com/global/en,browser_list,https://jobs.gecareers.com/global/en,browser list; careerhtml enrich when detail host known
Manufacturing,"Boeing Company",https://jobs.boeing.com/,browser_list,https://jobs.boeing.com/,browser list; careerhtml enrich when detail host known
Manufacturing,"Dell Technologies Inc.",https://jobs.dell.com/,browser_list,https://jobs.dell.com/,browser list; careerhtml enrich when detail host known
Manufacturing,"Hewlett Packard Enterprise Company",https://careers.hpe.com/,browser_list,https://careers.hpe.com/,browser list; careerhtml enrich when detail host known
Manufacturing,"Lockheed Martin Corporation",https://www.lockheedmartinjobs.com/,browser_list,https://www.lockheedmartinjobs.com/,browser list; careerhtml enrich when detail host known
Manufacturing,"IBM Corporation",https://www.ibm.com/employment/,browser_list,https://www.ibm.com/employment/,browser list; careerhtml enrich when detail host known
Manufacturing,"Qualcomm Incorporated",https://www.qualcomm.com/company/careers,browser_list,https://www.qualcomm.com/company/careers,browser list; careerhtml enrich when detail host known
Manufacturing,"Oracle Corporation",https://www.oracle.com/corporate/careers/,browser_list,https://www.oracle.com/corporate/careers/,browser list; careerhtml enrich when detail host known
Manufacturing,"Honeywell International Inc.",https://www.honeywell.com/us/en/careers,browser_list,https://www.honeywell.com/us/en/careers,browser list; careerhtml enrich when detail host known
Manufacturing,"Cisco Systems  Inc.",https://jobs.cisco.com/,browser_list,https://jobs.cisco.com/,browser list; careerhtml enrich when detail host known
Manufacturing,"Texas Instruments Incorporated",https://careers.ti.com/,browser_list,https://careers.ti.com/,browser list; careerhtml enrich when detail host known
Manufacturing,"3M Company",https://www.3m.com/3M/en_US/careers-us/,browser_list,https://www.3m.com/3M/en_US/careers-us/,browser list; careerhtml enrich when detail host known
Manufacturing,"United Technologies Corporation",https://www.utc.com/en/Careers,browser_list,https://www.utc.com/en/Careers,browser list; careerhtml enrich when detail host known
Manufacturing,"Emerson Electric Co.",https://www.emerson.com/en-us/careers,browser_list,https://www.emerson.com/en-us/careers,browser list; careerhtml enrich when detail host known
Manufacturing,"International Business Machines Corporation (IBM)",https://www.ibm.com/employment/,browser_list,https://www.ibm.com/employment/,browser list; careerhtml enrich when detail host known
Manufacturing,"Eaton Corporation plc",https://www.eaton.com/us/en-us/company/careers.html,browser_list,https://www.eaton.com/us/en-us/company/careers.html,browser list; careerhtml enrich when detail host known
Manufacturing,"Cummins Inc.",https://careers.cummins.com/,browser_list,https://careers.cummins.com/,browser list; careerhtml enrich when detail host known
Manufacturing,"NVIDIA Corporation",https://www.nvidia.com/en-us/about-nvidia/careers/,browser_list,https://www.nvidia.com/en-us/about-nvidia/careers/,browser list; careerhtml enrich when detail host known
Manufacturing,"Micron Technology  Inc.",https://www.micron.com/about/careers,browser_list,https://www.micron.com/about/careers,browser list; careerhtml enrich when detail host known
Manufacturing,"Applied Materials  Inc.",https://www.appliedmaterials.com/company/careers,browser_list,https://www.appliedmaterials.com/company/careers,browser list; careerhtml enrich when detail host known
Manufacturing,"Illinois Tool Works Inc.",https://careers.itw.com/,browser_list,https://careers.itw.com/,browser list; careerhtml enrich when detail host known
Manufacturing,"Deere & Company",https://www.deere.com/en/our-company/john-deere-careers/,browser_list,https://www.deere.com/en/our-company/john-deere-careers/,browser list; careerhtml enrich when detail host known
Manufacturing,"Corning Incorporated",https://www.corning.com/worldwide/en/careers.html,browser_list,https://www.corning.com/worldwide/en/careers.html,browser list; careerhtml enrich when detail host known
Manufacturing,"Parker-Hannifin Corporation",https://careers.parker.com/,browser_list,https://careers.parker.com/,browser list; careerhtml enrich when detail host known
Manufacturing,"Northrop Grumman Corporation",https://www.northropgrumman.com/careers/,browser_list,https://www.northropgrumman.com/careers/,browser list; careerhtml enrich when detail host known
Manufacturing,"Baker Hughes Company",https://jobs.bakerhughes.com/global/en,browser_list,https://jobs.bakerhughes.com/global/en,browser list; careerhtml enrich when detail host known
Manufacturing,"Broadcom Inc.",https://www.broadcom.com/company/careers,browser_list,https://www.broadcom.com/company/careers,browser list; careerhtml enrich when detail host known
Manufacturing,"Illinois Tool Works Inc.",https://careers.itw.com/,browser_list,https://careers.itw.com/,browser list; careerhtml enrich when detail host known
Energy,"Exxon Mobil Corporation",https://corporate.exxonmobil.com/Careers,browser_list,https://corporate.exxonmobil.com/Careers,browser list; careerhtml enrich when detail host known
Energy,"Chevron Corporation",https://www.chevron.com/careers,browser_list,https://www.chevron.com/careers,browser list; careerhtml enrich when detail host known
Energy,"ConocoPhillips",https://careers.conocophillips.com/,browser_list,https://careers.conocophillips.com/,browser list; careerhtml enrich when detail host known
Energy,"Phillips 66",https://www.phillips66.com/careers,browser_list,https://www.phillips66.com/careers,browser list; careerhtml enrich when detail host known
Energy,"Valero Energy Corporation",https://www.valero.com/en-us/careers,browser_list,https://www.valero.com/en-us/careers,browser list; careerhtml enrich when detail host known
Energy,"Marathon Petroleum Corporation",https://www.marathonpetroleum.com/Careers/,browser_list,https://www.marathonpetroleum.com/Careers/,browser list; careerhtml enrich when detail host known
Energy,"Berkshire Hathaway Energy",https://www.berkshirehathawayenergyco.com/careers/,browser_list,https://www.berkshirehathawayenergyco.com/careers/,browser list; careerhtml enrich when detail host known
Energy,"NextEra Energy  Inc.",https://www.nexteraenergy.com/careers/,browser_list,https://www.nexteraenergy.com/careers/,browser list; careerhtml enrich when detail host known
Energy,"Duke Energy Corporation",https://www.duke-energy.com/our-company/careers,browser_list,https://www.duke-energy.com/our-company/careers,browser list; careerhtml enrich when detail host known
Energy,"Dominion Energy  Inc.",https://careers.dominionenergy.com/,browser_list,https://careers.dominionenergy.com/,browser list; careerhtml enrich when detail host known
Energy,"Exelon Corporation",https://www.exeloncorp.com/careers,browser_list,https://www.exeloncorp.com/careers,browser list; careerhtml enrich when detail host known
Energy,"Enterprise Products Partners L.P.",https://careers.enterpriseproducts.com/,browser_list,https://careers.enterpriseproducts.com/,browser list; careerhtml enrich when detail host known
Energy,"Occidental Petroleum Corporation",https://www.oxy.com/careers/Pages/default.aspx,browser_list,https://www.oxy.com/careers/Pages/default.aspx,browser list; careerhtml enrich when detail host known
Energy,"American Electric Power Company  Inc.",https://www.aep.com/careers/,browser_list,https://www.aep.com/careers/,browser list; careerhtml enrich when detail host known
Energy,"Williams Companies  Inc.",https://www.williams.com/careers/,browser_list,https://www.williams.com/careers/,browser list; careerhtml enrich when detail host known
Energy,"EOG Resources  Inc.",https://www.eogresources.com/careers/,browser_list,https://www.eogresources.com/careers/,browser list; careerhtml enrich when detail host known
Energy,"Kinder Morgan  Inc.",https://www.kindermorgan.com/about/careers/,browser_list,https://www.kindermorgan.com/about/careers/,browser list; careerhtml enrich when detail host known
Energy,"Con Edison  Inc.",https://careers.coned.com/,browser_list,https://careers.coned.com/,browser list; careerhtml enrich when detail host known
Energy,"Schlumberger Limited",https://careers.slb.com/,browser_list,https://careers.slb.com/,browser list; careerhtml enrich when detail host known
Energy,"National Grid plc",https://www.nationalgrid.com/careers,browser_list,https://www.nationalgrid.com/careers,browser list; careerhtml enrich when detail host known
Energy,"Southern Company",https://www.southerncompany.com/careers.html,browser_list,https://www.southerncompany.com/careers.html,browser list; careerhtml enrich when detail host known
Energy,"Cheniere Energy  Inc.",https://cheniere.hua.hrsmart.com/hr/ats/JobSearch/index,browser_list,https://cheniere.hua.hrsmart.com/hr/ats/JobSearch/index,browser list; careerhtml enrich when detail host known
Energy,"Devon Energy Corporation",https://www.devonenergy.com/careers,browser_list,https://www.devonenergy.com/careers,browser list; careerhtml enrich when detail host known
Energy,"EQT Corporation",https://www.eqt.com/careers,browser_list,https://www.eqt.com/careers,browser list; careerhtml enrich when detail host known
Energy,"ONEOK  Inc.",https://www.oneok.com/careers,browser_list,https://www.oneok.com/careers,browser list; careerhtml enrich when detail host known
Media and Entertainment,"Walt Disney Company",https://jobs.disneycareers.com/,browser_list,https://jobs.disneycareers.com/,browser list; careerhtml enrich when detail host known
Media and Entertainment,"Comcast Corporation",https://jobs.comcast.com/,browser_list,https://jobs.comcast.com/,browser list; careerhtml enrich when detail host known
Media and Entertainment,"AT&T Inc. (WarnerMedia)",https://www.warnermediacareers.com/,browser_list,https://www.warnermediacareers.com/,browser list; careerhtml enrich when detail host known
Media and Entertainment,"ViacomCBS Inc.",https://viacomcbs.careers/,browser_list,https://viacomcbs.careers/,browser list; careerhtml enrich when detail host known
Media and Entertainment,"NBCUniversal Media  LLC",https://www.nbcunicareers.com/,browser_list,https://www.nbcunicareers.com/,browser list; careerhtml enrich when detail host known
Media and Entertainment,"Netflix  Inc.",https://jobs.netflix.com/,browser_list,https://jobs.netflix.com/,browser list; careerhtml enrich when detail host known
Media and Entertainment,"Charter Communications  Inc.",https://jobs.spectrum.com/,browser_list,https://jobs.spectrum.com/,browser list; careerhtml enrich when detail host known
Media and Entertainment,"Sony Corporation of America",https://www.sonypicturesjobs.com/,browser_list,https://www.sonypicturesjobs.com/,browser list; careerhtml enrich when detail host known
Media and Entertainment,"Amazon.com  Inc. (Amazon Studios)",https://www.amazon.jobs/en/,browser_list,https://www.amazon.jobs/en/,browser list; careerhtml enrich when detail host known
Media and Entertainment,"Fox Corporation",https://www.foxcareers.com/,browser_list,https://www.foxcareers.com/,browser list; careerhtml enrich when detail host known
Media and Entertainment,"Discovery  Inc.",https://corporate.discovery.com/careers/,browser_list,https://corporate.discovery.com/careers/,browser list; careerhtml enrich when detail host known
Media and Entertainment,"The New York Times Company",https://nytimes.wd5.myworkdayjobs.com/NYT,workday,https://nytimes.wd5.myworkdayjobs.com/NYT,FREE enrich; list may browser
Media and Entertainment,"Warner Music Group",https://www.wmg.com/careers,browser_list,https://www.wmg.com/careers,browser list; careerhtml enrich when detail host known
Media and Entertainment,"CBS Corporation",https://cbscorporation.jobs/,browser_list,https://cbscorporation.jobs/,browser list; careerhtml enrich when detail host known
Media and Entertainment,"The Walt Disney Studios",https://www.waltdisneystudios.com/careers/,browser_list,https://www.waltdisneystudios.com/careers/,browser list; careerhtml enrich when detail host known
Media and Entertainment,"ESPN",https://jobs.espncareers.com/,browser_list,https://jobs.espncareers.com/,browser list; careerhtml enrich when detail host known
Media and Entertainment,"Univision Communications Inc.",https://corporate.univision.com/corporate/careers/,browser_list,https://corporate.univision.com/corporate/careers/,browser list; careerhtml enrich when detail host known
Media and Entertainment,"Hearst Corporation",https://www.hearst.com/careers,browser_list,https://www.hearst.com/careers,browser list; careerhtml enrich when detail host known
Media and Entertainment,"AMC Networks Inc.",https://www.amcnetworks.com/careers/,browser_list,https://www.amcnetworks.com/careers/,browser list; careerhtml enrich when detail host known
Media and Entertainment,"Hulu  LLC",https://careers.hulu.com/,browser_list,https://careers.hulu.com/,browser list; careerhtml enrich when detail host known
Media and Entertainment,"BuzzFeed  Inc.",https://www.buzzfeed.com/about/jobs,browser_list,https://www.buzzfeed.com/about/jobs,browser list; careerhtml enrich when detail host known
Media and Entertainment,"Lions Gate Entertainment Corp.",https://jobs.jobvite.com/lionsgate,browser_list,https://jobs.jobvite.com/lionsgate,browser list; careerhtml enrich when detail host known
Media and Entertainment,"Time Warner Inc.",https://www.timewarner.com/careers/,browser_list,https://www.timewarner.com/careers/,browser list; careerhtml enrich when detail host known
Media and Entertainment,"Meredith Corporation",https://meredith.wd5.myworkdayjobs.com/EXT,workday,https://meredith.wd5.myworkdayjobs.com/EXT,FREE enrich; list may browser
Media and Entertainment,"Bloomberg L.P.",https://careers.bloomberg.com/,browser_list,https://careers.bloomberg.com/,browser list; careerhtml enrich when detail host known
Aviation & Transportation,"Delta Air Lines",https://www.deltajobs.net/,browser_list,https://www.deltajobs.net/,browser list; careerhtml enrich when detail host known
Aviation & Transportation,"United Airlines",https://jobs.united.com/,browser_list,https://jobs.united.com/,browser list; careerhtml enrich when detail host known
Aviation & Transportation,"American Airlines",https://jobs.aa.com/,browser_list,https://jobs.aa.com/,browser list; careerhtml enrich when detail host known
Aviation & Transportation,"Southwest Airlines",https://careers.southwestair.com/,browser_list,https://careers.southwestair.com/,browser list; careerhtml enrich when detail host known
Aviation & Transportation,"FedEx Corporation",https://careers.fedex.com/,browser_list,https://careers.fedex.com/,browser list; careerhtml enrich when detail host known
Aviation & Transportation,"UPS (United Parcel Service)",https://www.jobs-ups.com/,browser_list,https://www.jobs-ups.com/,browser list; careerhtml enrich when detail host known
Aviation & Transportation,"Alaska Airlines",https://careers.alaskaair.com/,browser_list,https://careers.alaskaair.com/,browser list; careerhtml enrich when detail host known
Aviation & Transportation,"JetBlue Airways",https://careers.jetblue.com/,browser_list,https://careers.jetblue.com/,browser list; careerhtml enrich when detail host known
Aviation & Transportation,"DHL",https://www.dpdhl.jobs/,browser_list,https://www.dpdhl.jobs/,browser list; careerhtml enrich when detail host known
Aviation & Transportation,"Spirit Airlines",https://careers.spirit.com/,browser_list,https://careers.spirit.com/,browser list; careerhtml enrich when detail host known
Aviation & Transportation,"Atlas Air Worldwide",https://www.atlasair.com/careers/,browser_list,https://www.atlasair.com/careers/,browser list; careerhtml enrich when detail host known
Aviation & Transportation,"Air Transport Services Group (ATSG)",https://www.airtransportjobs.com/,browser_list,https://www.airtransportjobs.com/,browser list; careerhtml enrich when detail host known
Aviation & Transportation,"SkyWest Airlines",https://www.skywest.com/skywest-airline-jobs/,browser_list,https://www.skywest.com/skywest-airline-jobs/,browser list; careerhtml enrich when detail host known
Aviation & Transportation,"Hawaiian Airlines",https://www.hawaiianairlines.com/careers,browser_list,https://www.hawaiianairlines.com/careers,browser list; careerhtml enrich when detail host known
Aviation & Transportation,"Allegiant Air",https://careers.allegiantair.com/,browser_list,https://careers.allegiantair.com/,browser list; careerhtml enrich when detail host known
Aviation & Transportation,"Republic Airways",https://rjetcareers.jobs/,browser_list,https://rjetcareers.jobs/,browser list; careerhtml enrich when detail host known
Aviation & Transportation,"Atlas Air  Inc.",https://www.atlasair.com/careers/,browser_list,https://www.atlasair.com/careers/,browser list; careerhtml enrich when detail host known
Aviation & Transportation,"Endeavor Air",https://www.endeavorair.com/careers,browser_list,https://www.endeavorair.com/careers,browser list; careerhtml enrich when detail host known
Aviation & Transportation,"Frontier Airlines",https://flyfrontiercareers.silkroad.com/,browser_list,https://flyfrontiercareers.silkroad.com/,browser list; careerhtml enrich when detail host known
Aviation & Transportation,"Kalitta Air",https://www.kalittaair.com/careers,browser_list,https://www.kalittaair.com/careers,browser list; careerhtml enrich when detail host known
Aviation & Transportation,"XPO Logistics",https://jobs.xpo.com/,browser_list,https://jobs.xpo.com/,browser list; careerhtml enrich when detail host known
Aviation & Transportation,"Ryder System  Inc.",https://ryder.com/careers,browser_list,https://ryder.com/careers,browser list; careerhtml enrich when detail host known
Aviation & Transportation,"J.B. Hunt Transport Services  Inc.",https://www.jbhunt.com/careers/,browser_list,https://www.jbhunt.com/careers/,browser list; careerhtml enrich when detail host known
Aviation & Transportation,"Schneider National  Inc.",https://schneiderjobs.com/,browser_list,https://schneiderjobs.com/,browser list; careerhtml enrich when detail host known
Aviation & Transportation,"Werner Enterprises",https://careers.werner.com/,browser_list,https://careers.werner.com/,browser list; careerhtml enrich when detail host known
Aviation & Transportation,"Swift Transportation Company",https://drive4swift.com/,browser_list,https://drive4swift.com/,browser list; careerhtml enrich when detail host known
Aviation & Transportation,"Landstar System  Inc.",https://www.landstar.com/landstar-careers/,browser_list,https://www.landstar.com/landstar-careers/,browser list; careerhtml enrich when detail host known
Aviation & Transportation,"YRC Worldwide Inc.",https://careers.yrcw.com/,browser_list,https://careers.yrcw.com/,browser list; careerhtml enrich when detail host known
Aviation & Transportation,"Old Dominion Freight Line  Inc.",https://www.odfl.com/Home/,browser_list,https://www.odfl.com/Home/,browser list; careerhtml enrich when detail host known
Aviation & Transportation,"Matson  Inc.",https://matson.com/careers/,browser_list,https://matson.com/careers/,browser list; careerhtml enrich when detail host known
Aviation & Transportation,"Expeditors International of Washington  Inc.",https://www.expeditors.com/careers,browser_list,https://www.expeditors.com/careers,browser list; careerhtml enrich when detail host known
Aviation & Transportation,"C.H. Robinson Worldwide  Inc.",https://www.chrobinson.com/en-us/about-us/careers/,browser_list,https://www.chrobinson.com/en-us/about-us/careers/,browser list; careerhtml enrich when detail host known
Aviation & Transportation,"Air Methods Corporation",https://www.airmethods.com/careers,browser_list,https://www.airmethods.com/careers,browser list; careerhtml enrich when detail host known
Aviation & Transportation,"Union Pacific Railroad",https://up.jobs/,browser_list,https://up.jobs/,browser list; careerhtml enrich when detail host known
Aviation & Transportation,"Norfolk Southern Corporation",https://nscorp.com/content/nscorp/en/careers.html,browser_list,https://nscorp.com/content/nscorp/en/careers.html,browser list; careerhtml enrich when detail host known
Aviation & Transportation,"CSX Corporation",https://www.csx.com/index.cfm/about-us/careers/,browser_list,https://www.csx.com/index.cfm/about-us/careers/,browser list; careerhtml enrich when detail host known
Aviation & Transportation,"BNSF Railway",https://jobs.bnsf.com/,browser_list,https://jobs.bnsf.com/,browser list; careerhtml enrich when detail host known
Aviation & Transportation,"Canadian National Railway Company",https://jobs.cn.ca/,browser_list,https://jobs.cn.ca/,browser list; careerhtml enrich when detail host known
Aviation & Transportation,"Canadian Pacific Railway Limited",https://www.cpr.ca/careers,browser_list,https://www.cpr.ca/careers,browser list; careerhtml enrich when detail host known
Aviation & Transportation,"Kansas City Southern Railway",https://www.kcsouthern.com/en/careers,browser_list,https://www.kcsouthern.com/en/careers,browser list; careerhtml enrich when detail host known
Aviation & Transportation,"Alaska Marine Lines",https://www.lynden.com/aml/employment.html,browser_list,https://www.lynden.com/aml/employment.html,browser list; careerhtml enrich when detail host known
Aviation & Transportation,"Crowley Maritime Corporation",https://www.crowley.com/careers/,browser_list,https://www.crowley.com/careers/,browser list; careerhtml enrich when detail host known
Aviation & Transportation,"Matson  Inc.",https://matson.com/careers/,browser_list,https://matson.com/careers/,browser list; careerhtml enrich when detail host known
Aviation & Transportation,"American President Lines (APL)",https://www.apl.com/careers/,browser_list,https://www.apl.com/careers/,browser list; careerhtml enrich when detail host known
Aviation & Transportation,"TOTE Maritime",https://www.toteinc.com/careers/,browser_list,https://www.toteinc.com/careers/,browser list; careerhtml enrich when detail host known
Aviation & Transportation,"Maersk Line",https://www.maersk.com/careers,browser_list,https://www.maersk.com/careers,browser list; careerhtml enrich when detail host known
Aviation & Transportation,"Hapag-Lloyd AG",https://www.hapag-lloyd.com/en/career.html,browser_list,https://www.hapag-lloyd.com/en/career.html,browser list; careerhtml enrich when detail host known
Aviation & Transportation,"OOCL (Orient Overseas Container Line)",https://www.oocl.com/eng/about/oocl/careeropportunities/,browser_list,https://www.oocl.com/eng/about/oocl/careeropportunities/,browser list; careerhtml enrich when detail host known
Aviation & Transportation,"CMA CGM Group",https://www.cma-cgm.com/careers,browser_list,https://www.cma-cgm.com/careers,browser list; careerhtml enrich when detail host known
Aviation & Transportation,"Evergreen Line",https://www.evergreen-line.com/employment.html,browser_list,https://www.evergreen-line.com/employment.html,browser list; careerhtml enrich when detail host known